-- MySQL dump 10.13  Distrib 8.4.2, for Linux (x86_64)
--
-- Host: localhost    Database: survey_db
-- ------------------------------------------------------
-- Server version	8.4.2

/*!40101 SET @OLD_CHARACTER_SET_CLIENT=@@CHARACTER_SET_CLIENT */;
/*!40101 SET @OLD_CHARACTER_SET_RESULTS=@@CHARACTER_SET_RESULTS */;
/*!40101 SET @OLD_COLLATION_CONNECTION=@@COLLATION_CONNECTION */;
/*!50503 SET NAMES utf8mb4 */;
/*!40103 SET @OLD_TIME_ZONE=@@TIME_ZONE */;
/*!40103 SET TIME_ZONE='+00:00' */;
/*!40014 SET @OLD_UNIQUE_CHECKS=@@UNIQUE_CHECKS, UNIQUE_CHECKS=0 */;
/*!40014 SET @OLD_FOREIGN_KEY_CHECKS=@@FOREIGN_KEY_CHECKS, FOREIGN_KEY_CHECKS=0 */;
/*!40101 SET @OLD_SQL_MODE=@@SQL_MODE, SQL_MODE='NO_AUTO_VALUE_ON_ZERO' */;
/*!40111 SET @OLD_SQL_NOTES=@@SQL_NOTES, SQL_NOTES=0 */;

--
-- Table structure for table `Answers`
--

DROP TABLE IF EXISTS `Answers`;
/*!40101 SET @saved_cs_client     = @@character_set_client */;
/*!50503 SET character_set_client = utf8mb4 */;
CREATE TABLE `Answers` (
  `AnswerId` varchar(30) NOT NULL,
  `FK_ParticipantId` varchar(30) NOT NULL,
  `FK_SessionId` varchar(30) NOT NULL,
  `Text1` char(5) NOT NULL,
  `Text2` char(5) NOT NULL,
  `AnswerQ1` tinyint(1) DEFAULT NULL,
  `AnswerQ2` tinyint(1) DEFAULT NULL,
  `AnswerQ3` tinyint(1) DEFAULT NULL,
  `AnswerQ4` tinyint(1) DEFAULT NULL,
  `TimeSpent` smallint NOT NULL,
  PRIMARY KEY (`AnswerId`),
  KEY `FK_ParticipantId` (`FK_ParticipantId`),
  KEY `FK_SessionId` (`FK_SessionId`),
  CONSTRAINT `Answers_ibfk_1` FOREIGN KEY (`FK_ParticipantId`) REFERENCES `Participants` (`ParticipantId`),
  CONSTRAINT `Answers_ibfk_2` FOREIGN KEY (`FK_SessionId`) REFERENCES `Sessions` (`SessionId`)
) ENGINE=InnoDB DEFAULT CHARSET=utf8mb4 COLLATE=utf8mb4_0900_ai_ci;
/*!40101 SET character_set_client = @saved_cs_client */;

--
-- Dumping data for table `Answers`
--

LOCK TABLES `Answers` WRITE;
/*!40000 ALTER TABLE `Answers` DISABLE KEYS */;
INSERT INTO `Answers` VALUES ('63a8082455cc11efbda2803fT1','63a8082455cc11efbda2803f','63a8091455cc11efbda2803f','L008','HL008',1,2,4,2,3175),('63a8082455cc11efbda2803fT2','63a8082455cc11efbda2803f','63a8091455cc11efbda2803f','R009','HR009',4,5,3,4,171),('63a8082455cc11efbda2803fT3','63a8082455cc11efbda2803f','63a8091455cc11efbda2803f','HL006','L006',3,4,5,1,1929),('63a8082455cc11efbda2803fT4','63a8082455cc11efbda2803f','63a8091455cc11efbda2803f','HR026','R026',1,1,1,1,82),('63a8097855cc11efbda2803fT1','63a8097855cc11efbda2803f','63a809b455cc11efbda2803f','HR029','R029',4,3,4,1,4314),('63a8097855cc11efbda2803fT2','63a8097855cc11efbda2803f','63a809b455cc11efbda2803f','HR025','R025',2,5,4,1,714),('63a8097855cc11efbda2803fT3','63a8097855cc11efbda2803f','63a809b455cc11efbda2803f','L012','HL012',5,1,4,1,143),('63a8097855cc11efbda2803fT4','63a8097855cc11efbda2803f','63a809b455cc11efbda2803f','HL020','L020',2,5,4,2,58),('63a809fa55cc11efbda2803fT1','63a809fa55cc11efbda2803f','63a80a2255cc11efbda2803f','PR086','R086',1,4,5,2,1519),('63a809fa55cc11efbda2803fT2','63a809fa55cc11efbda2803f','63a80a2255cc11efbda2803f','PR065','R065',1,4,5,2,1205),('63a809fa55cc11efbda2803fT3','63a809fa55cc11efbda2803f','63a80a2255cc11efbda2803f','PL059','L059',2,4,4,2,71),('63a809fa55cc11efbda2803fT4','63a809fa55cc11efbda2803f','63a80a2255cc11efbda2803f','PL061','L061',3,4,5,4,34),('63a80aae55cc11efbda2803fT1','63a80aae55cc11efbda2803f','63a80ae055cc11efbda2803f','MR062','R062',3,3,4,4,395),('63a80aae55cc11efbda2803fT2','63a80aae55cc11efbda2803f','63a80ae055cc11efbda2803f','L053','ML053',4,2,5,1,157),('63a80aae55cc11efbda2803fT3','63a80aae55cc11efbda2803f','63a80ae055cc11efbda2803f','MR051','R051',1,5,4,2,366),('63a80aae55cc11efbda2803fT4','63a80aae55cc11efbda2803f','63a80ae055cc11efbda2803f','L028','ML028',4,2,2,1,25),('63a80b1255cc11efbda2803fT1','63a80b1255cc11efbda2803f','63a80b3a55cc11efbda2803f','R013','HR013',4,2,5,1,249),('63a80b1255cc11efbda2803fT2','63a80b1255cc11efbda2803f','63a80b3a55cc11efbda2803f','R015','HR015',5,1,5,1,19),('63a80b1255cc11efbda2803fT3','63a80b1255cc11efbda2803f','63a80b3a55cc11efbda2803f','L002','HL002',4,2,3,1,44),('63a80b1255cc11efbda2803fT4','63a80b1255cc11efbda2803f','63a80b3a55cc11efbda2803f','HL017','L017',1,5,4,2,20),('63a80b6c55cc11efbda2803fT1','63a80b6c55cc11efbda2803f','63a80b9455cc11efbda2803f','MR036','R036',2,4,4,2,142),('63a80b6c55cc11efbda2803fT2','63a80b6c55cc11efbda2803f','63a80b9455cc11efbda2803f','L055','ML055',4,2,4,1,558),('63a80b6c55cc11efbda2803fT3','63a80b6c55cc11efbda2803f','63a80b9455cc11efbda2803f','MR043','R043',1,4,5,2,120),('63a80b6c55cc11efbda2803fT4','63a80b6c55cc11efbda2803f','63a80b9455cc11efbda2803f','L041','ML041',5,2,4,1,85),('63a80bb255cc11efbda2803fT1','63a80bb255cc11efbda2803f','63a80bd055cc11efbda2803f','R049','MR049',4,2,4,1,14),('63a80bb255cc11efbda2803fT2','63a80bb255cc11efbda2803f','63a80bd055cc11efbda2803f','ML044','L044',1,4,4,2,198),('63a80bb255cc11efbda2803fT3','63a80bb255cc11efbda2803f','63a80bd055cc11efbda2803f','ML033','L033',5,1,5,2,12),('63a80bb255cc11efbda2803fT4','63a80bb255cc11efbda2803f','63a80bd055cc11efbda2803f','R047','MR047',4,2,3,1,214),('63a80bf855cc11efbda2803fT1','63a80bf855cc11efbda2803f','63a80c2055cc11efbda2803f','HL007','L007',2,4,3,2,254),('63a80bf855cc11efbda2803fT2','63a80bf855cc11efbda2803f','63a80c2055cc11efbda2803f','R003','HR003',5,2,4,1,23),('63a80bf855cc11efbda2803fT3','63a80bf855cc11efbda2803f','63a80c2055cc11efbda2803f','R024','HR024',2,2,4,3,23),('63a80bf855cc11efbda2803fT4','63a80bf855cc11efbda2803f','63a80c2055cc11efbda2803f','L022','HL022',4,2,4,1,15),('63a80c4855cc11efbda2803fT1','63a80c4855cc11efbda2803f','63a80c7a55cc11efbda2803f','L076','PL076',4,3,4,4,226),('63a80c4855cc11efbda2803fT2','63a80c4855cc11efbda2803f','63a80c7a55cc11efbda2803f','PR080','R080',1,5,4,2,845),('63a80c4855cc11efbda2803fT3','63a80c4855cc11efbda2803f','63a80c7a55cc11efbda2803f','PR072','R072',2,4,5,2,37),('63a80c4855cc11efbda2803fT4','63a80c4855cc11efbda2803f','63a80c7a55cc11efbda2803f','L089','PL089',5,2,4,1,171),('63a80ca255cc11efbda2803fT1','63a80ca255cc11efbda2803f','63a80cd455cc11efbda2803f','R056','MR056',4,2,4,1,896),('63a80ca255cc11efbda2803fT2','63a80ca255cc11efbda2803f','63a80cd455cc11efbda2803f','ML035','L035',1,4,5,2,161),('63a80ca255cc11efbda2803fT3','63a80ca255cc11efbda2803f','63a80cd455cc11efbda2803f','R034','MR034',4,1,5,1,57),('63a80ca255cc11efbda2803fT4','63a80ca255cc11efbda2803f','63a80cd455cc11efbda2803f','ML031','L031',2,4,4,2,20),('63a80cf255cc11efbda2803fT1','63a80cf255cc11efbda2803f','63a80d1a55cc11efbda2803f','PR087','R087',2,4,4,2,899),('63a80cf255cc11efbda2803fT2','63a80cf255cc11efbda2803f','63a80d1a55cc11efbda2803f','PR067','R067',2,4,5,2,156),('63a80cf255cc11efbda2803fT3','63a80cf255cc11efbda2803f','63a80d1a55cc11efbda2803f','PL078','L078',1,3,5,2,25),('63a80cf255cc11efbda2803fT4','63a80cf255cc11efbda2803f','63a80d1a55cc11efbda2803f','PL084','L084',2,4,4,2,49),('63a80d4c55cc11efbda2803fT1','63a80d4c55cc11efbda2803f','63a80d7e55cc11efbda2803f','L016','HL016',4,3,4,4,784),('63a80d4c55cc11efbda2803fT2','63a80d4c55cc11efbda2803f','63a80d7e55cc11efbda2803f','HR030','R030',3,3,5,3,13),('63a80d4c55cc11efbda2803fT3','63a80d4c55cc11efbda2803f','63a80d7e55cc11efbda2803f','HL004','L004',1,4,5,2,17),('63a80d4c55cc11efbda2803fT4','63a80d4c55cc11efbda2803f','63a80d7e55cc11efbda2803f','R023','HR023',4,2,5,1,19),('63a80db055cc11efbda2803fT1','63a80db055cc11efbda2803f','63a80dd855cc11efbda2803f','PR075','R075',2,4,5,2,500),('63a80db055cc11efbda2803fT2','63a80db055cc11efbda2803f','63a80dd855cc11efbda2803f','PL088','L088',2,5,4,2,15),('63a80db055cc11efbda2803fT3','63a80db055cc11efbda2803f','63a80dd855cc11efbda2803f','PR082','R082',1,5,5,2,18),('63a80db055cc11efbda2803fT4','63a80db055cc11efbda2803f','63a80dd855cc11efbda2803f','PL074','L074',2,4,4,2,11),('63a80e0a55cc11efbda2803fT1','63a80e0a55cc11efbda2803f','63a80e1e55cc11efbda2803f','HL018','L018',2,4,4,2,311),('63a80e0a55cc11efbda2803fT2','63a80e0a55cc11efbda2803f','63a80e1e55cc11efbda2803f','L001','HL001',4,2,5,2,13),('63a80e0a55cc11efbda2803fT3','63a80e0a55cc11efbda2803f','63a80e1e55cc11efbda2803f','HR019','R019',3,4,3,4,37),('63a80e0a55cc11efbda2803fT4','63a80e0a55cc11efbda2803f','63a80e1e55cc11efbda2803f','HR011','R011',1,5,5,2,51),('63a80e4655cc11efbda2803fT1','63a80e4655cc11efbda2803f','63a80e7855cc11efbda2803f','L014','HL014',4,2,4,1,344),('63a80e4655cc11efbda2803fT2','63a80e4655cc11efbda2803f','63a80e7855cc11efbda2803f','R027','HR027',3,3,5,3,157),('63a80e4655cc11efbda2803fT3','63a80e4655cc11efbda2803f','63a80e7855cc11efbda2803f','L010','HL010',5,2,5,1,42),('63a80e4655cc11efbda2803fT4','63a80e4655cc11efbda2803f','63a80e7855cc11efbda2803f','R005','HR005',4,3,4,4,80),('63a80f0e55cc11efbda2803fT1','63a80f0e55cc11efbda2803f','63a80f3655cc11efbda2803f','R054','MR054',4,2,4,1,11),('63a80f0e55cc11efbda2803fT2','63a80f0e55cc11efbda2803f','63a80f3655cc11efbda2803f','R057','MR057',4,1,5,1,10),('63a80f0e55cc11efbda2803fT3','63a80f0e55cc11efbda2803f','63a80f3655cc11efbda2803f','L039','ML039',5,3,4,1,10),('63a80f0e55cc11efbda2803fT4','63a80f0e55cc11efbda2803f','63a80f3655cc11efbda2803f','ML040','L040',2,4,3,2,9),('63a811e855cc11efbda2803fT1','63a811e855cc11efbda2803f','63a8121a55cc11efbda2803f','R066','PR066',4,1,5,1,26),('63a811e855cc11efbda2803fT2','63a811e855cc11efbda2803f','63a8121a55cc11efbda2803f','PR085','R085',2,4,4,2,294),('63a811e855cc11efbda2803fT3','63a811e855cc11efbda2803f','63a8121a55cc11efbda2803f','L063','PL063',5,2,4,1,31),('63a811e855cc11efbda2803fT4','63a811e855cc11efbda2803f','63a8121a55cc11efbda2803f','PL060','L060',1,5,5,2,16),('asdkaskdhjk12312312T1','asdkaskdhjk12312312','asdaskjdk1231231','MR042','R042',5,5,4,3,6),('asdkaskdhjk12312312T2','asdkaskdhjk12312312','asdaskjdk1231231','L052','ML052',1,1,2,2,6),('asdkaskdhjk12312312T3','asdkaskdhjk12312312','asdaskjdk1231231','L046','ML046',5,5,5,3,5),('asdkaskdhjk12312312T4','asdkaskdhjk12312312','asdaskjdk1231231','R048','MR048',1,1,2,2,24),('asdnasjhdasjdhjh123123T1','asdnasjhdasjdhjh123123','123123k1jkjkjk','R077','PR077',2,2,3,4,5),('asdnasjhdasjdhjh123123T2','asdnasjhdasjdhjh123123','123123k1jkjkjk','L083','PL083',5,5,5,3,6),('asdnasjhdasjdhjh123123T3','asdnasjhdasjdhjh123123','123123k1jkjkjk','R071','PR071',1,1,3,1,7),('asdnasjhdasjdhjh123123T4','asdnasjhdasjdhjh123123','123123k1jkjkjk','L081','PL081',4,4,3,2,6),('TestingLoadingP2T1','TestingLoadingP2','TestingLoadingS2','R064','PR064',1,2,2,2,5),('TestingLoadingP2T2','TestingLoadingP2','TestingLoadingS2','PL073','L073',2,2,2,3,12),('TestingLoadingP2T3','TestingLoadingP2','TestingLoadingS2','L070','PL070',1,2,2,4,16),('TestingLoadingP2T4','TestingLoadingP2','TestingLoadingS2','PR069','R069',5,5,5,3,6),('TestingLoadingPT1','TestingLoadingP','TestingLoadingS','MR058','R058',1,1,4,1,15),('TestingLoadingPT2','TestingLoadingP','TestingLoadingS','L032','ML032',5,5,4,3,15),('TestingLoadingPT3','TestingLoadingP','TestingLoadingS','L045','ML045',1,1,2,2,6),('TestingLoadingPT4','TestingLoadingP','TestingLoadingS','R038','MR038',5,5,5,3,4);
/*!40000 ALTER TABLE `Answers` ENABLE KEYS */;
UNLOCK TABLES;

--
-- Table structure for table `Participants`
--

DROP TABLE IF EXISTS `Participants`;
/*!40101 SET @saved_cs_client     = @@character_set_client */;
/*!50503 SET character_set_client = utf8mb4 */;
CREATE TABLE `Participants` (
  `ParticipantId` varchar(30) NOT NULL,
  `TreatmentGroup` varchar(7) NOT NULL,
  `PoliticalLeaning` tinyint(1) DEFAULT NULL,
  `Tweet1` char(4) NOT NULL,
  `Tweet2` char(4) NOT NULL,
  `Tweet3` char(4) NOT NULL,
  `Tweet4` char(4) NOT NULL,
  `ParticipantStatus` varchar(9) NOT NULL,
  PRIMARY KEY (`ParticipantId`),
  KEY `FK_Tweet1` (`Tweet1`),
  KEY `FK_Tweet2` (`Tweet2`),
  KEY `FK_Tweet3` (`Tweet3`),
  KEY `FK_Tweet4` (`Tweet4`),
  CONSTRAINT `FK_Tweet1` FOREIGN KEY (`Tweet1`) REFERENCES `Tweets` (`TweetId`),
  CONSTRAINT `FK_Tweet2` FOREIGN KEY (`Tweet2`) REFERENCES `Tweets` (`TweetId`),
  CONSTRAINT `FK_Tweet3` FOREIGN KEY (`Tweet3`) REFERENCES `Tweets` (`TweetId`),
  CONSTRAINT `FK_Tweet4` FOREIGN KEY (`Tweet4`) REFERENCES `Tweets` (`TweetId`)
) ENGINE=InnoDB DEFAULT CHARSET=utf8mb4 COLLATE=utf8mb4_0900_ai_ci;
/*!40101 SET character_set_client = @saved_cs_client */;

--
-- Dumping data for table `Participants`
--

LOCK TABLES `Participants` WRITE;
/*!40000 ALTER TABLE `Participants` DISABLE KEYS */;
INSERT INTO `Participants` VALUES ('63a8082455cc11efbda2803f','human',1,'L008','R009','L006','R026','finished'),('63a8097855cc11efbda2803f','human',2,'R029','R025','L012','L020','finished'),('63a809fa55cc11efbda2803f','placebo',3,'R086','R065','L059','L061','finished'),('63a80aae55cc11efbda2803f','machine',6,'R062','L053','R051','L028','finished'),('63a80b1255cc11efbda2803f','human',7,'R013','R015','L002','L017','finished'),('63a80b6c55cc11efbda2803f','machine',4,'R036','L055','R043','L041','finished'),('63a80bb255cc11efbda2803f','machine',4,'R049','L044','L033','R047','finished'),('63a80bf855cc11efbda2803f','human',4,'L007','R003','R024','L022','finished'),('63a80c4855cc11efbda2803f','placebo',5,'L076','R080','R072','L089','finished'),('63a80ca255cc11efbda2803f','machine',6,'R056','L035','R034','L031','finished'),('63a80cf255cc11efbda2803f','placebo',5,'R087','R067','L078','L084','finished'),('63a80d4c55cc11efbda2803f','human',4,'L016','R030','L004','R023','finished'),('63a80db055cc11efbda2803f','placebo',3,'R075','L088','R082','L074','finished'),('63a80e0a55cc11efbda2803f','human',2,'L018','L001','R019','R011','finished'),('63a80e4655cc11efbda2803f','human',5,'L014','R027','L010','R005','finished'),('63a80f0e55cc11efbda2803f','machine',4,'R054','R057','L039','L040','finished'),('63a811e855cc11efbda2803f','placebo',4,'R066','R085','L063','L060','finished'),('asdkaskdhjk12312312','machine',4,'R042','L052','L046','R048','finished'),('asdnasjhdasjdhjh123123','placebo',4,'R077','L083','R071','L081','finished'),('TestingLoadingP','machine',4,'R058','L032','L045','R038','finished'),('TestingLoadingP2','placebo',3,'R064','L073','L070','R069','finished');
/*!40000 ALTER TABLE `Participants` ENABLE KEYS */;
UNLOCK TABLES;

--
-- Table structure for table `RephrasedTweets`
--

DROP TABLE IF EXISTS `RephrasedTweets`;
/*!40101 SET @saved_cs_client     = @@character_set_client */;
/*!50503 SET character_set_client = utf8mb4 */;
CREATE TABLE `RephrasedTweets` (
  `RepTweetId` char(5) NOT NULL,
  `FK_TweetId` char(4) NOT NULL,
  `RephrasedText` varchar(400) NOT NULL,
  `TreatmentGroup` varchar(7) NOT NULL,
  PRIMARY KEY (`RepTweetId`),
  KEY `FK_TweetId` (`FK_TweetId`),
  CONSTRAINT `RephrasedTweets_ibfk_1` FOREIGN KEY (`FK_TweetId`) REFERENCES `Tweets` (`TweetId`)
) ENGINE=InnoDB DEFAULT CHARSET=utf8mb4 COLLATE=utf8mb4_0900_ai_ci;
/*!40101 SET character_set_client = @saved_cs_client */;

--
-- Dumping data for table `RephrasedTweets`
--

LOCK TABLES `RephrasedTweets` WRITE;
/*!40000 ALTER TABLE `RephrasedTweets` DISABLE KEYS */;
INSERT INTO `RephrasedTweets` VALUES ('HL001','L001','Rep - O mínimo que deve acontecer depois do golpismo de hoje: 1) Demissão de Múcio e dos Comandantes das Forças Armadas. 2) Intervenção Federal no Distrito Federal 3) PF e Alexandre de Moraes mandarem prender todos os golpistas 4) Responsabilização da Jovem Pan 5) CPI no Congresso','human'),('HL002','L002','Rep - AGORA É OFICIAL: Lula é o 39º Presidente da República Federativa do Brasil! Um metalúrgico operário é o pronto brasileiro de toda a história a ocupar por três vezes o cargo mais importante da nossa nação!!!','human'),('HL004','L004','Rep - A PM brasileira é boa para assassinar a sangue frio um catador de lixo com um pedaço de madeira na mão. Só isso. Essa cambada de fascista invadindo o Congresso Nacional não são inimigos, são os seus patrões.','human'),('HL006','L006','Rep - Na proposta de Bolsonaro para o Orçamento de 2023 não tem dinheiro para: Moradia, Farmácia Popular, Merenda escolar nem para o Bolsa Família de R$600. JAIR QUEBROU O BRASIL!','human'),('HL007','L007','Rep - Estou de saco cheio dos bolsonaristas eles precisam entender que o Brasil NÃO É DELES. chegou o nível de invadirem o congresso nacional como algo de boa e tem palhaço aplaudindo. Esses filhotes do nazismo e da ditadura precisam ser punidos perante a justiça de forma drástica.','human'),('HL008','L008','Rep - É preciso que o Governo Federal decrete a intervenção imediata no DF, afastando o governador Ibaneis Rocha que, com o secretário de segurança Anderson Torres, se mostra conivente com o terrorismo, por omissão total no combate aos bandidos do “escritório do crime” de Bolsonaro.','human'),('HL010','L010','Rep - Jovem Pan pediu para apagarmos essa post que mostra a verdade sobre o seu comentarista neto de ditador. Então já sabem né, não deem rt aqui, se não o Paulo Figueiredo ficará descontente de ser chamado do que é: golpista. ✊🏽#DesmonetizaJovemPan','human'),('HL012','L012','Rep - O Google está PAGANDO pra impulsionar posts contra a Lei 2630 de regulação das plataformas. O Twitter simplesmente apagou um perfil q defendia o Projeto, sem dar qualquer motivo. É isso uma das coisas q o PL quer impedir: q plataformas possam remover contas sem explicações!','human'),('HL014','L014','Rep - #BolsonaronoJN disse que não existiram casos de corrupção durante seu governo. Gostaríamos de lembrar alguns dos casos de corrupção que foram amplamente divulgados pela imprensa para refrescar a memória do presidente 👇','human'),('HL016','L016','Rep - \"Eu perdi a eleição em 89, eu perdi a eleição em 94, eu perdi a eleição em 98, e em nenhum momento vocês viram nenhum militante do meu partido fazer isso\", diz Lula. Digo mais: Dilma sofreu impeachment e também não houve isso #oglobo','human'),('HL017','L017','Rep - ATENÇÃO!!! - O ministro Alexandre de Moraes, presidente do Tribunal Superior Eleitoral, ameaça prender o diretor-geral da Polícia Rodoviária Federal, que ontem, nas redes sociais, recomendou o voto em Bolsonaro.','human'),('HL018','L018','Rep - 🚨 GRAVE: Jovem Pan escala Paulo Figueiredo para cobrir crimes contra o Estado de Direito. Figueiredo afirmou, recentemente, que uma guerra civil poderia ser justificável. Cobertura da emissora está, neste momento, atacando urnas eletrônicas, STF, TSE e Congresso Nacional.','human'),('HL020','L020','Rep - Engarrafamentos chegando a 30 km em regiões de Sergipe, incluindo entradas de Aracaju. Relatam demora de 3 horas para percorrer um trecho que, normalmente, levaria 20 minutos graças às blitzes da ilegais da Polícia Rodoviária Federal.','human'),('HL021','L021','Rep - Eis aqui - @IbaneisOficial - o principal responsável pelo ataque terrorista ao Congresso Nacional e ao STF. O ataque foi anunciado nas redes. Mas ele - cúmplice da OrCrim bolsonarista - nada fez para impedir. Espero que isto seja uma suficiente para seu impeachment.','human'),('HL022','L022','Rep - 🚨CHOQUEI: Ninguém mais fala com Bolsonaro. Está isolado, abandonado pela Jovem Pan, pelos pastores pelo exercito e até por seus ministros. Já acabou o Governo Bolsonaro GENTEEEE NÃO ACREDITOOOOO JAIR QUEBROU O BRASIL 400 BILHÕES O PT UNIVERSAL','human'),('HR000','R000','Rep - 🚨URGENTE!🚨Cacique Xavante Tserere ACABA DE SER PRESO pela Polícia Federal por ordem de Alexandre de Moraes em frente ao Palácio do Alvorada - residência do Presidente da República! Uma afronta direta ao presidente e uma escalada da crise entre os poderes que vive o país.','human'),('HR003','R003','Rep - Ministro da suprema corte Brasileira responde a um eleitor que pedia por respostas: Perdeu Mané. Mas eles continuam jurando que os poderes seguem dentro de suas atribuições... Que a democracia segue plena e restaurada. Brasil, o país submisso.','human'),('HR005','R005','Rep - A cara de pau da #GloboLixo nesse momento foi estarrecedora! Admiro a coragem, pq vergonha não teve nenhuma! Nunca se esqueçam do que esses caras fizeram com você. NUNCA!!!!','human'),('HR009','R009','Rep - Resumo das urnas mais confiáveis do mundo: elas \"travam\" como o celular e precisam ser reiniciadas. Fato é que, nessas urnas que \"travam\", o ladrão teve aproximadamente 52% contra 47% do Presidente Bolsonaro. Já nas urnas que não \"travam\", Bolsonaro teve 51% e o ladrão 49%.','human'),('HR011','R011','Rep - A imprensa diz que o relatório do PL é superficial. Não é, mas se querem algo ainda mais contundente é só pedir pro TSE liberar o código-fonte. Em resumo, se correr o bicho pega, se ficar, o bicho come. Perdeu, mané.','human'),('HR013','R013','Rep - O PL das FAKE NEWS poderá ser votado essa semana. É o GOVERNO querendo acabar com as redes sociais. CENSURA não! PL2630 não! Baixe em: #pl2630nao #pldacensuranão','human'),('HR015','R015','Rep - A votação da urgência será nominal, significa que cada deputado terá que dar o seu voto individual. GRAVE O NOME DE CADA UM QUE VOTAR PELA CENSURA! COLA NO ESPELHO E DEIXA LÁ ATE 2026. O BRASILEIRO PRECISA COMEÇAR A TER MEMÓRIA! #PLdaCensuraNão','human'),('HR019','R019','Rep - Algumas infos só para vcs, para não atrapalhar o sono do Xandão, o pedido que ele impôs ao PL achando ser impossível de cumprir em 24h já está pronto! Digo mais, na guerra vc cerca o inimigo de diversas formas até que não lhe sobre qualquer rota de fuga, vai vir muito mais! Tic..','human'),('HR023','R023','Rep - Bom lembrar que, há uma semana, quem falasse em omissão ou conivência do governo federal nos atos criminosos do dia 8 de janeiro seria taxado como disseminador de “fake news”. Agora, com a divulgação das imagens escondidas pelo governo, o que seria “fake news” hoje já sabemos ser…','human'),('HR024','R024','Rep - É a primeira vez na história do crime organizado que as vítimas assistem, em tempo real, a quadrilha se preparando para lhes roubar, conhecem os criminosos, e não podem fazer nada porque a Justiça a quem poderiam recorrer faz parte da quadrilha.','human'),('HR025','R025','Rep - A Globo pode fazer fake news a favor, com direito a sensacionalismo dizendo que tem de barrar o Discord que sequer é atingido pelo projeto, mas o Google não pode falar a VERDADE sobre o PL da Censura. Este é o governo da MENTIRA e do AUTORITARISMO. Ditadura e censura, não!','human'),('HR026','R026','Rep - - Você viu o Eduardo Bolsonaro na Copa?? - Vi, e daí!? - Você vai continuar na rua, na chuva e ele passeando no Qatar!? - Claro! Não tô na rua por causa do Eduardo Bolsonaro nem por causa de nenhum político, tô na rua por causa dos meus filhos, pela Liberdade e pelo meu país!','human'),('HR027','R027','Rep - MUNDO NEWS. JORNAL BRITÂNICO ACUSA DURAMENTE ALEXANDRE DE MORAES, DITADOR E PARCIAL AO CRIME DO LULA, DIZ QUE MORAES FORÇA A POPULAÇÃO ACEITAR O CRIMINOSO COM 12 DE CONDENAÇÃO COMO PRESIDENTE, DIZ ESPANTADO COM OS ABSURDOS😷🤮','human'),('HR029','R029','Rep - O PL da censura! Não é um projeto para proibir as fake news, mas para criar um conselho indicado pelo governo LULA para definir o que pode ou não ser dito nas redes sociais. E você pode ser preso por isso! Saiba como votam os deputados do seu estado:','human'),('HR030','R030','Rep - Então, com o PL da censura pode ser que fique INVIAVEL OFERECER SERVIÇOS GRATUITOS DE REDES SOCIAIS. Acho que a galera não vai querer pagar pra postar foto de comida no Instagram... Quem disse isso foi o GOOGLE. ACORDA BRASIL! #PLdaCensuraNao','human'),('ML028','L028','Rep - A polícia federal rodoviária que está IMPEDINDO pessoas de votar no nordeste é a mesma que matou Genivaldo de Jesus Santos em uma câmara de gás improvisada em Maio desse ano. O diretor da PRF, Silvinei Marques, postou pedido de voto ao Bolsonaro em suas redes, mas depois apagou.','machine'),('ML031','L031','Rep - O ministro @alexandre acaba de intimar o diretor da Polícia Rodoviária Federal. Há comprovação de que blitze estão impedindo o tráfego de ônibus com eleitores no Nordeste do país.','machine'),('ML032','L032','Rep - 🚨🚨URGENTE: O DESESPERO BATEU!!! Google usando a própria plataforma pra atacar a PL e o Twitter deslogando a conta das pessoas pra atrapalhar As Big Techs estão com medo de perder suas fortunas ganhas em cima das vidas devastadas das nossas crianças, e estão usando de tudo…','machine'),('ML033','L033','Rep - Na data de hoje, foi levado a efeito um complexo plano criminoso de abolir, violentamente, o Estado Democrático de Direito. Alguns executaram, outros financiaram, mas não importa: todos precisam ser punidos. A maior responsabilidade, contudo, recairá sobre as autoridades omissas.','machine'),('ML035','L035','Rep - 🚨 URGENTE: O Twitter acaba de censurar perfil sobre a PL das Fake News sem dar motivos algum. O projeto cria mecanismos exatamente para IMPEDIR que plataformas removam contas e conteúdos sem informar o motivo e obriga que a plataforma permita aos usuários recorrerem da censura…','machine'),('ML037','L037','Rep - O VOTO É UM DIREITO, A POLÍCIA RODOVIÁRIA FEDERAL ESTÁ COMETENDO UM CRIME CONTRA A DEMOCRACIA NÃO DEIXANDO AS PESSOAS CHEGAREM ATÉ SEUS LOCAIS DE VOTAÇÃO Deixem o Nordeste votar! Deixem os favelados votar! Deixem os indígenas votar!','machine'),('ML039','L039','Rep - O Bolsonaro sequer cuida do orçamento do Brasil. Quem cuida é o Arthur Lira. Os ministros ligam para o Lira, não pra ele. Temos que acabar com essa história de semipresidencialismo no regime presidencial. O Bolsonaro parece um bobo da corte. #LulaNoJN','machine'),('ML040','L040','Rep - O Governador Ibaneis Rocha e o ex ministro bolsonarista Anderson Torres, que agora trabalha para o Governo de DF, autorizaram o acesso dos bandidos bolsonaristas na Esplanada, colocaram meia dúzia de policiais e permitiram todo esse vandalismo. A culpa é de vocês!','machine'),('ML041','L041','Rep - Nunca se viu um ataque tão grave à democracia e às instituições brasileiras quanto o cometido neste domingo contra o Palácio do Planalto, o Congresso Nacional e o STF por um bando de bolsonaristas defensores de um golpe de estado. (mais)','machine'),('ML044','L044','Rep - 🚨 Em Niterói, uma das poucas cidades onde Lula venceu Bolsonaro no Rio de Janeiro, a Polícia Rodoviária Federal está tentando impedir eleitores de votarem. #Eleicoes2022','machine'),('ML045','L045','Rep - As pessoas se perguntando pq não reforçaram a segurança se já sabiam q teria o ato terrorista de invasão. O motivo é q a pessoa responsável por reforçar essa segurança era o Governador do Distrito Federal, Ibaneis Rocha. Esse homem abaixo. Nada foi feito DE PROPÓSITO.','machine'),('ML046','L046','Rep - Uma repórter fotográfica do @Metropoles foi AGREDIDA POR 10 HOMENS COM SOCOS E CHUTES. Teve os equipamentos de trabalho roubados pelos criminosos que invadiram o Congresso Nacional.','machine'),('ML052','L052','Rep - 🚨ATENÇÃO: O governador de Goiás, Ronaldo Caiado, está mobilizando a PRF para barrar ônibus que estiverem tentando fugir do Distrito Federal. Todos os terroristas serão presos.','machine'),('ML053','L053','Rep - É inacreditável a FALHA no esquema de segurança do Governo do Distrito Federal nessa invasão de bolsonaristas radicais na Esplanada dos Ministérios. A PM fez um cordão de isolamento frouxo e praticamente não apresentou resistência aos golpistas. Muito grave tudo isso!','machine'),('ML055','L055','Rep - Para quem tá na dúvida de quem são os influenciadores golpistas que não aceitam resultado de eleição, eles gravaram um vídeo juntinhos. São os mesmos que passaram anos ameaçando intervenção militar com o artigo 142. Sempre foram reacinhas golpistas e não desistem do golpe.','machine'),('MR034','R034','Rep - É preciso esclarecer, o relatório do PL, baseado na auditoria de técnicos renomados do ITA, não diz que Bolsonaro teve 51% dos votos... Diz que Bolsonaro teve NO MÍNIMO 51%. Ou seja, a diferença pode ter sido muito maior. #BolsonaroReeleito com larga vantagem!','machine'),('MR036','R036','Rep - Vamos desenhar o ministro Barroso em três fases: 1) Antes das eleições - \"eleição não se vence, eleição se toma\". 2) Durante as eleições - \"Já vai tarde\". 3) Depois das eleições - \"Perdeu, mané, não amola\". Esse é o estado democrático de direito da república do bananil.','machine'),('MR038','R038','Rep - -Bolsonaro, o ministro da educação caiu por corrupção com pastores. -Bonner, cadê o duto do dinheiro? -Não sei. -Então você me acusa sem saber, Bonner. #GloboLixo 🤣','machine'),('MR042','R042','Rep - Quero entender a lógica do pessoal que acha válido o pessoal de alguns sindicatos invadirem, depredarem e pararem a ALESP, mas que agora, estão pedindo prisão de todos que estão ocupando a Esplanada dos Ministérios. Ainda dá tempo de prender o pessoal do sindicato, se for o caso?','machine'),('MR043','R043','Rep - Os deputados que não tinham assinado ainda o nosso requerimento de CPMI do 8 de janeiro agora estão assinando. O jogo virou! Governo Lula não conseguirá conter o parlamento. Parabéns, dep. Rafael Simoes!','machine'),('MR047','R047','Rep - Culpados: Alexandre de Moraes, Barroso, Lewandowski, Gilmar Mendes e a omissão do senador Rodrigo Pacheco. Se não há representantes, o povo vai exercer o poder.','machine'),('MR048','R048','Rep - 🚨 URGENTE! Infiltrados estão se passando por Bolsonaristas, e estão tacando fogo em carros/ônibus, bem como fazendo arrastões em Brasília. Não se deixe enganar, a mídia militante quer te enganar e fazer palco para um Capitólio tupiniquim! Fiquem atentos!','machine'),('MR049','R049','Rep - Pergunta para a CPMI fazer: O que esse \"patriota\" estaria fazendo com a bandeira do MST na mão, dentro do Palácio do Planalto, durante a invasão com depredação do 8 de janeiro???','machine'),('MR050','R050','Rep - “PERDEU, MANÉ”! Foi isso mesmo que o ministro Barroso disse a quem lhe perguntava sobre o processo eleitoral? FOI. Está gravado. Bem, essa declaração confirma toda a suspeição e DESMORALIZA definitivamente a eleição presidencial no Brasil. Que as providências legais sejam tomadas','machine'),('MR051','R051','Rep - Esse é meu tio, Silvinei Vasques. Ele é diretor-geral da Polícia Rodoviária Federal, nesse exato momento ele está salvando o país do comunismo. O que você tem a dizer a esse grande homem?','machine'),('MR054','R054','Rep - 🚨URGENTE!!!🚨 Imagens de dentro do Palácio do Planalto comprovam: ministro do GSI de Lula, General Gonçalves Dias, contribuiu para a depredação e está sendo ACOBERTADO pelo Governo. Lula não pode continuar presidente. CPMI do 8 de Janeiro e impeachment já!','machine'),('MR056','R056','Rep - O GSI do Lula não apenas facilitou a entrada dos invasores no dia 8 de janeiro, como também os invasores receberam orientações do ministro chefe do GSI, Gonçalves Dias, escolhido por Lula. Alguma dúvida de que a CPMI do 8 de janeiro é prioridade?','machine'),('MR057','R057','Rep - Acabou a narrativa da esquerda: Eduardo Bolsonaro mostra que não viajou ‘à brincadeira’ e levou dezenas de pen-drives com vídeos em inglês explicando situação atual do Brasil para o Catar; VEJA VÍDEO','machine'),('MR058','R058','Rep - URGENTE! BOMBA! Gonçalves Dias, ministro do GSI de lula conhecido como o “general de lula”, segundo site JOTA, aparece em câmeras do Palácio do Planalto liberando acesso no dia 08/01. Agora entendemos tamanho medo da CPMI! O que mais vamos descobrir, lula?? 👉 CPMI JÁ!','machine'),('MR062','R062','Rep - Eduardo Bolsonaro depois das eleições já foi nos Estados Unidos , México , Argentina e agora no Qatar. Prefiro o Eduardo falando bem do Brasil no exterior e mostrando a verdade que Lula MENTINDO.','machine'),('PL059','L059','Rep - Acompanho protesto no DF há muitos anos. Digo sem margem de erro: é impossível existir invasão ao STF, ao Palácio do Planalto e ao Congresso. Isso só acontece com a colaboração ativa da Polícia Militar e do Governo do Distrito Federal. Ibaneis é parte do atentado golpista!','placebo'),('PL060','L060','Rep - PM do DF permitiu absurdamente a entrada de bolsonaristas no Congresso Nacional e a aproximação ao Palácio do Planalto. Os golpistas, com ou sem farda, têm que ser responsabilizados e presos!','placebo'),('PL061','L061','Rep - Alexandre recusa denúncia, alega litigância de má fé, aplica multa de 22 milhões ao PL e envia Valdemar e o advogado do partido para o inquérito das milícias digitais. O recado foi dado: Não ouse questionar.','placebo'),('PL063','L063','Rep - 🚨 URGENTE! Diretor-geral bolsonarista da Polícia Rodoviária Federal vai ter que se explicar ao TSE sobre policiais que estão impedindo eleitores nordestinos mais pobres de irem votar! #Eleicoes2022','placebo'),('PL068','L068','Rep - Governo do DF foi irresponsável frente à invasão de Brasília e do Congresso Nacional. É um crime anunciado contra a democracia, contra a vontade das urnas e por outros interesses. Governador e seu secretário de segurança, bolsonarista, são responsáveis pelo que acontecer','placebo'),('PL070','L070','Rep - URGENTE AGORA: imagens que acabam de ser divulgadas mostram que sete dos nove militares do GSI que estavam no palácio do planalto durante a invasão do 08 de janeiro, eram seguranças de Bolsonaro e participaram, inclusive, de suas motociatas! A CASA CAIU! Tome CPMI, otários! 😂','placebo'),('PL073','L073','Rep - ATÉ O MOMENTO EU ERA 100% BOLSONARO! FIQUEI QUASE 1 MÊS DORMINDO EM BARRACA NA FRENTE DO QUARTEL AQUI DA CIDADE! MAS DEPOIS DE VER O EDUARDO BOLSONARO CURTINDO A COPA LÁ NO QATAR NÃO ME RESTA DÚVIDAS! VOU ABANDONAR O BOLSONARISMO E APOIAR O PRESIDENTE QUE GANHOU AS ELEIÇÕES 🇧🇷','placebo'),('PL074','L074','Rep - Atenção! Informação oficial! Acabei de checar com a câmara dos Deputados: Eduardo Bolsonaro NÃO ESTÁ EM VIAGEM OFICIAL AO CATAR! Mais uma vez ele mente pro gado burro! Faz o “B”, OTÁRIO! 🤡','placebo'),('PL076','L076','Rep - ATENÇÃO: Nos bastidores, governador de Brasília é acusado de omissão e PM é apontada como conivente com invasões e ministros de Estado começam a defender intervenção federal no Distrito Federal.','placebo'),('PL078','L078','Rep - Dilma sofreu um impeachment (por motivação política) Lula foi preso (em um processo parcial) Nunca houve nada minimamente parecido com o que o terrorismo bolsonarista realiza em Brasília hoje. Que este episódio sirva para acabar, de uma vez por todas, com a falsa equivalência','placebo'),('PL081','L081','Rep - Comando da Polícia Rodoviária Federal quer prender o povo nordestino num capô para impedi-lo de botar? Todos são Genivaldos. Diretor da PRF quer ser peso? Que se prenda.','placebo'),('PL083','L083','Rep - Bolsonaro mandou Polícia Rodoviária Federal impedir o povo nordestino de manifestar sua vontade nas urnas. Isso é racismo, xenofobia além de abuso da máquina pública e crime eleitoral.','placebo'),('PL084','L084','Rep - 🚨 Diretor-geral da Polícia Rodoviária Federal terá que parar IMEDIATAMENTE operações de transporte público contra eleitores nordestinos, caso contrário, será PRESO, afirma Alexandre de Moraes! #Eleicoes2022','placebo'),('PL088','L088','Rep - A atitude criminosa e radical de golpistas, ao afrontarem os poderes, invadindo o Congresso Nacional e vandalizando o STF e o Planalto, precisa de punição exemplar. Os líderes políticos coniventes, bem como os financiadores dessa ação, devem ser responsabilizados com rigor. +','placebo'),('PL089','L089','Rep - ABSURDO! Golpistas estão na Esplanada dos Ministérios pedindo o fechamento do Congresso. Liberdade de manifestação é uma coisa, crime contra a democracia é outra. Cadeia neles!','placebo'),('PR064','R064','Rep - 1/ Já que o Xandão mandou, nós cumprimos! Segue a tabela da votação do primeiro turno com os quatro candidatos mais votados por modelo de urna, seja em valores absolutos ou percentuais. Mais uma vez temos o \"fenômento\" do Lula ser melhor nas urnas antigas e pior no modelo UE2020.','placebo'),('PR065','R065','Rep - Os colegues expertos do Clube de Bilderberg, que exercem influência aqui através de seus asseclas, estão impondo o caos em Brasília, com Terroristas e Infiltrados, para depois colocar a culpa nos Bolsonaristas, como fizeram no Capitólio com Trump.','placebo'),('PR066','R066','Rep - Mercenários Infiltrados, pagos pelo grupo da Nova Ordem Mundial, estão promovendo o Terrorismo em Brasília. Terroristas querem incriminar Bolsonaristas, Manifestantes do bem. Veja o desespero desta mulher!','placebo'),('PR067','R067','Rep - O João Salas transmitiu toda a movimentação desde o início e assegura que haviam vândalos infiltrados, depredando e incendiando, a fim de deslegitimar o protesto contra a prisão do Cacique Serere Xavante.','placebo'),('PR069','R069','Rep - A esquerda enfim se deu conta que se trata de uma lei de censura na internet em benefício da mídia tradicional. Agora eles entenderam que não tem nada a ver com fake news, mas com controle. Antes tarde do que nunca. Essa PL acabará com a democracia e liberdade de expressão no BR','placebo'),('PR071','R071','Rep - Parabéns presidente que não deu o gostinho de sair de si perante a narrativa e o deboche. Diferentemente do nine, que precisa de uma \"água boa\", aqui a oração do Brasil te abençoa. Queriam o raivoso antidemocratico, receberam o calmo e controlado. Faiaram miseravis #GloboLixo','placebo'),('PR072','R072','Rep - A esquerda culpa os bolsonaristas pelo vandalismo. A maneira mais fácil de desfazer o \"equívoco\" é prendendo todos os baderneiros. São facilmente identificáveis, pois as fotos e os vídeos estão aí. PRENDAM TODOS e então saberemos quem são, onde vivem e o que pensam. PRISÃO JÁ!','placebo'),('PR075','R075','Rep - 🚨Escárnio: \"Perdeu, mané! Não amola\", ministro do STF, Luís Barroso, zomba de brasileiro durante passeio dos magistrados em New York. Alexandre de Moraes também aparece no vídeo ignorando o cidadão brasileiro.','placebo'),('PR077','R077','Rep - Telegram bloqueado no Brasil por aquele-que-não-pode-ser-citado. Esse mesmo entregou propostas para acrescentar ao PL da censura. Mas eles juram que é pela nossa liberdade… #PL2630Nao','placebo'),('PR079','R079','Rep - 🚨URGENTE: Quer dizer que os \"patriotas\" iriam queimar um carro com bandeira do Brasil? Está claro e evidente que infiltrados, terroristas, antifas, black blocks agiram pela esquerda para denegrir os atos democráticos que estão ocorrendo nos quarteis. #SOSFFAA','placebo'),('PR080','R080','Rep - 🚨URGENTE: Segundo, Roberto Motta, é inconcebivel que esses atos sejam cometidos pelos mesmos manifestantes que estão na frente do quarteis, isso é tipico de Antifas (terroristas), infiltrados, uma verdadeira armação para criminalisar os manifestantes democráticos. #SOSFFAA','placebo'),('PR082','R082','Rep - Polícia Federal cumpre ordem ilegal e prende Cacique Sererê. Amigos e familiares vão em defesa do índio e são repelidos a bala por maus policiais. A situação está escalando pelos desmandos do Xerife e omissão das autoridades competentes. Carona para Brasília?','placebo'),('PR085','R085','Rep - Em 133 anos de República, passamos de “Ordem e Progresso” a “Perdeu, mané, não amola”. É o lema da Ditadura do Corruptariado. “Perdeu, Brasil, não amola”. Essa República, nascida em 15/11/1889 na Praça da Aclamação do RJ, morre hoje, 15/11/2022, em alguma calçada de Nova York.','placebo'),('PR086','R086','Rep - Dita pelo Sr Ministro Luiz Roberto Barroso, a frase do momento é “Perdeu, Mané!”, dirigida a um brasileiro que o interpelava em NY. Com todo respeito e no msm nível, eu o alerto: - Se liga,Mané,todo o poder emana do povo! Quem avisa amigo é,cuidado com a \"cólera das multidões\"!!','placebo'),('PR087','R087','Rep - Nenhuma manifestação não pacífica ocorreu em todo este tempo. Todos da direita sempre enfatizaram a necessidade de manifestações pacíficas. Agora, subitamente, acontece isso, com todas essas evidências de agentes infiltrados? Difícil cair nessa.','placebo');
/*!40000 ALTER TABLE `RephrasedTweets` ENABLE KEYS */;
UNLOCK TABLES;

--
-- Table structure for table `Sessions`
--

DROP TABLE IF EXISTS `Sessions`;
/*!40101 SET @saved_cs_client     = @@character_set_client */;
/*!50503 SET character_set_client = utf8mb4 */;
CREATE TABLE `Sessions` (
  `SessionId` varchar(30) NOT NULL,
  `FK_ParticipantId` varchar(30) NOT NULL,
  PRIMARY KEY (`SessionId`),
  KEY `FK_ParticipantId` (`FK_ParticipantId`),
  CONSTRAINT `Sessions_ibfk_1` FOREIGN KEY (`FK_ParticipantId`) REFERENCES `Participants` (`ParticipantId`)
) ENGINE=InnoDB DEFAULT CHARSET=utf8mb4 COLLATE=utf8mb4_0900_ai_ci;
/*!40101 SET character_set_client = @saved_cs_client */;

--
-- Dumping data for table `Sessions`
--

LOCK TABLES `Sessions` WRITE;
/*!40000 ALTER TABLE `Sessions` DISABLE KEYS */;
INSERT INTO `Sessions` VALUES ('63a8091455cc11efbda2803f','63a8082455cc11efbda2803f'),('63a809b455cc11efbda2803f','63a8097855cc11efbda2803f'),('63a80a2255cc11efbda2803f','63a809fa55cc11efbda2803f'),('63a80ae055cc11efbda2803f','63a80aae55cc11efbda2803f'),('63a80b3a55cc11efbda2803f','63a80b1255cc11efbda2803f'),('63a80b9455cc11efbda2803f','63a80b6c55cc11efbda2803f'),('63a80bd055cc11efbda2803f','63a80bb255cc11efbda2803f'),('63a80c2055cc11efbda2803f','63a80bf855cc11efbda2803f'),('63a80c7a55cc11efbda2803f','63a80c4855cc11efbda2803f'),('63a80cd455cc11efbda2803f','63a80ca255cc11efbda2803f'),('63a80d1a55cc11efbda2803f','63a80cf255cc11efbda2803f'),('63a80d7e55cc11efbda2803f','63a80d4c55cc11efbda2803f'),('63a80dd855cc11efbda2803f','63a80db055cc11efbda2803f'),('63a80e1e55cc11efbda2803f','63a80e0a55cc11efbda2803f'),('63a80e7855cc11efbda2803f','63a80e4655cc11efbda2803f'),('63a80f3655cc11efbda2803f','63a80f0e55cc11efbda2803f'),('63a8121a55cc11efbda2803f','63a811e855cc11efbda2803f'),('asdaskjdk1231231','asdkaskdhjk12312312'),('123123k1jkjkjk','asdnasjhdasjdhjh123123'),('askdjaskdjaskdjaskdj','TestingLoadingP'),('TestingLoadingS','TestingLoadingP'),('TestingLoadingS2','TestingLoadingP2');
/*!40000 ALTER TABLE `Sessions` ENABLE KEYS */;
UNLOCK TABLES;

--
-- Table structure for table `Tweets`
--

DROP TABLE IF EXISTS `Tweets`;
/*!40101 SET @saved_cs_client     = @@character_set_client */;
/*!50503 SET character_set_client = utf8mb4 */;
CREATE TABLE `Tweets` (
  `TweetId` char(4) NOT NULL,
  `TweetText` varchar(400) NOT NULL,
  `PoliticalBias` tinyint(1) NOT NULL,
  `TreatmentGroup` varchar(7) NOT NULL,
  `Available` tinyint(1) NOT NULL,
  `FK_ParticipantId` varchar(30) DEFAULT NULL,
  PRIMARY KEY (`TweetId`),
  KEY `FK_ParticipantId` (`FK_ParticipantId`),
  CONSTRAINT `Tweets_ibfk_1` FOREIGN KEY (`FK_ParticipantId`) REFERENCES `Participants` (`ParticipantId`)
) ENGINE=InnoDB DEFAULT CHARSET=utf8mb4 COLLATE=utf8mb4_0900_ai_ci;
/*!40101 SET character_set_client = @saved_cs_client */;

--
-- Dumping data for table `Tweets`
--

LOCK TABLES `Tweets` WRITE;
/*!40000 ALTER TABLE `Tweets` DISABLE KEYS */;
INSERT INTO `Tweets` VALUES ('L001','O mínimo que deve acontecer depois do golpismo de hoje: 1) Demissão de Múcio e dos Comandantes das Forças Armadas. 2) Intervenção Federal no Distrito Federal 3) PF e Alexandre de Moraes mandarem prender todos os golpistas 4) Responsabilização da Jovem Pan 5) CPI no Congresso',-1,'human',0,'63a80e0a55cc11efbda2803f'),('L002','AGORA É OFICIAL: Lula é o 39º Presidente da República Federativa do Brasil! Um metalúrgico operário é o pronto brasileiro de toda a história a ocupar por três vezes o cargo mais importante da nossa nação!!!',-1,'human',0,'63a80b1255cc11efbda2803f'),('L004','A PM brasileira é boa para assassinar a sangue frio um catador de lixo com um pedaço de madeira na mão. Só isso. Essa cambada de fascista invadindo o Congresso Nacional não são inimigos, são os seus patrões.',-1,'human',0,'63a80d4c55cc11efbda2803f'),('L006','Na proposta de Bolsonaro para o Orçamento de 2023 não tem dinheiro para: Moradia, Farmácia Popular, Merenda escolar nem para o Bolsa Família de R$600. JAIR QUEBROU O BRASIL!',-1,'human',0,'63a8082455cc11efbda2803f'),('L007','Estou de saco cheio dos bolsonaristas eles precisam entender que o Brasil NÃO É DELES. chegou o nível de invadirem o congresso nacional como algo de boa e tem palhaço aplaudindo. Esses filhotes do nazismo e da ditadura precisam ser punidos perante a justiça de forma drástica.',-1,'human',0,'63a80bf855cc11efbda2803f'),('L008','É preciso que o Governo Federal decrete a intervenção imediata no DF, afastando o governador Ibaneis Rocha que, com o secretário de segurança Anderson Torres, se mostra conivente com o terrorismo, por omissão total no combate aos bandidos do “escritório do crime” de Bolsonaro.',-1,'human',0,'63a8082455cc11efbda2803f'),('L010','Jovem Pan pediu para apagarmos essa post que mostra a verdade sobre o seu comentarista neto de ditador. Então já sabem né, não deem rt aqui, se não o Paulo Figueiredo ficará descontente de ser chamado do que é: golpista. ✊🏽#DesmonetizaJovemPan',-1,'human',0,'63a80e4655cc11efbda2803f'),('L012','O Google está PAGANDO pra impulsionar posts contra a Lei 2630 de regulação das plataformas. O Twitter simplesmente apagou um perfil q defendia o Projeto, sem dar qualquer motivo. É isso uma das coisas q o PL quer impedir: q plataformas possam remover contas sem explicações!',-1,'human',0,'63a8097855cc11efbda2803f'),('L014','#BolsonaronoJN disse que não existiram casos de corrupção durante seu governo. Gostaríamos de lembrar alguns dos casos de corrupção que foram amplamente divulgados pela imprensa para refrescar a memória do presidente 👇',-1,'human',0,'63a80e4655cc11efbda2803f'),('L016','\"Eu perdi a eleição em 89, eu perdi a eleição em 94, eu perdi a eleição em 98, e em nenhum momento vocês viram nenhum militante do meu partido fazer isso\", diz Lula. Digo mais: Dilma sofreu impeachment e também não houve isso #oglobo',-1,'human',0,'63a80d4c55cc11efbda2803f'),('L017','ATENÇÃO!!! - O ministro Alexandre de Moraes, presidente do Tribunal Superior Eleitoral, ameaça prender o diretor-geral da Polícia Rodoviária Federal, que ontem, nas redes sociais, recomendou o voto em Bolsonaro.',-1,'human',0,'63a80b1255cc11efbda2803f'),('L018','🚨 GRAVE: Jovem Pan escala Paulo Figueiredo para cobrir crimes contra o Estado de Direito. Figueiredo afirmou, recentemente, que uma guerra civil poderia ser justificável. Cobertura da emissora está, neste momento, atacando urnas eletrônicas, STF, TSE e Congresso Nacional.',-1,'human',0,'63a80e0a55cc11efbda2803f'),('L020','Engarrafamentos chegando a 30 km em regiões de Sergipe, incluindo entradas de Aracaju. Relatam demora de 3 horas para percorrer um trecho que, normalmente, levaria 20 minutos graças às blitzes da ilegais da Polícia Rodoviária Federal.',-1,'human',0,'63a8097855cc11efbda2803f'),('L021','Eis aqui - @IbaneisOficial - o principal responsável pelo ataque terrorista ao Congresso Nacional e ao STF. O ataque foi anunciado nas redes. Mas ele - cúmplice da OrCrim bolsonarista - nada fez para impedir. Espero que isto seja uma suficiente para seu impeachment.',-1,'human',1,NULL),('L022','🚨CHOQUEI: Ninguém mais fala com Bolsonaro. Está isolado, abandonado pela Jovem Pan, pelos pastores pelo exercito e até por seus ministros. Já acabou o Governo Bolsonaro GENTEEEE NÃO ACREDITOOOOO JAIR QUEBROU O BRASIL 400 BILHÕES O PT UNIVERSAL',-1,'human',0,'63a80bf855cc11efbda2803f'),('L028','A polícia federal rodoviária que está IMPEDINDO pessoas de votar no nordeste é a mesma que matou Genivaldo de Jesus Santos em uma câmara de gás improvisada em Maio desse ano. O diretor da PRF, Silvinei Marques, postou pedido de voto ao Bolsonaro em suas redes, mas depois apagou.',-1,'machine',0,'63a80aae55cc11efbda2803f'),('L031','O ministro @alexandre acaba de intimar o diretor da Polícia Rodoviária Federal. Há comprovação de que blitze estão impedindo o tráfego de ônibus com eleitores no Nordeste do país.',-1,'machine',0,'63a80ca255cc11efbda2803f'),('L032','🚨🚨URGENTE: O DESESPERO BATEU!!! Google usando a própria plataforma pra atacar a PL e o Twitter deslogando a conta das pessoas pra atrapalhar As Big Techs estão com medo de perder suas fortunas ganhas em cima das vidas devastadas das nossas crianças, e estão usando de tudo…',-1,'machine',0,'TestingLoadingP'),('L033','Na data de hoje, foi levado a efeito um complexo plano criminoso de abolir, violentamente, o Estado Democrático de Direito. Alguns executaram, outros financiaram, mas não importa: todos precisam ser punidos. A maior responsabilidade, contudo, recairá sobre as autoridades omissas.',-1,'machine',0,'63a80bb255cc11efbda2803f'),('L035','🚨 URGENTE: O Twitter acaba de censurar perfil sobre a PL das Fake News sem dar motivos algum. O projeto cria mecanismos exatamente para IMPEDIR que plataformas removam contas e conteúdos sem informar o motivo e obriga que a plataforma permita aos usuários recorrerem da censura…',-1,'machine',0,'63a80ca255cc11efbda2803f'),('L037','O VOTO É UM DIREITO, A POLÍCIA RODOVIÁRIA FEDERAL ESTÁ COMETENDO UM CRIME CONTRA A DEMOCRACIA NÃO DEIXANDO AS PESSOAS CHEGAREM ATÉ SEUS LOCAIS DE VOTAÇÃO Deixem o Nordeste votar! Deixem os favelados votar! Deixem os indígenas votar!',-1,'machine',1,NULL),('L039','O Bolsonaro sequer cuida do orçamento do Brasil. Quem cuida é o Arthur Lira. Os ministros ligam para o Lira, não pra ele. Temos que acabar com essa história de semipresidencialismo no regime presidencial. O Bolsonaro parece um bobo da corte. #LulaNoJN',-1,'machine',0,'63a80f0e55cc11efbda2803f'),('L040','O Governador Ibaneis Rocha e o ex ministro bolsonarista Anderson Torres, que agora trabalha para o Governo de DF, autorizaram o acesso dos bandidos bolsonaristas na Esplanada, colocaram meia dúzia de policiais e permitiram todo esse vandalismo. A culpa é de vocês!',-1,'machine',0,'63a80f0e55cc11efbda2803f'),('L041','Nunca se viu um ataque tão grave à democracia e às instituições brasileiras quanto o cometido neste domingo contra o Palácio do Planalto, o Congresso Nacional e o STF por um bando de bolsonaristas defensores de um golpe de estado. (mais)',-1,'machine',0,'63a80b6c55cc11efbda2803f'),('L044','🚨 Em Niterói, uma das poucas cidades onde Lula venceu Bolsonaro no Rio de Janeiro, a Polícia Rodoviária Federal está tentando impedir eleitores de votarem. #Eleicoes2022',-1,'machine',0,'63a80bb255cc11efbda2803f'),('L045','As pessoas se perguntando pq não reforçaram a segurança se já sabiam q teria o ato terrorista de invasão. O motivo é q a pessoa responsável por reforçar essa segurança era o Governador do Distrito Federal, Ibaneis Rocha. Esse homem abaixo. Nada foi feito DE PROPÓSITO.',-1,'machine',0,'TestingLoadingP'),('L046','Uma repórter fotográfica do @Metropoles foi AGREDIDA POR 10 HOMENS COM SOCOS E CHUTES. Teve os equipamentos de trabalho roubados pelos criminosos que invadiram o Congresso Nacional.',-1,'machine',0,'asdkaskdhjk12312312'),('L052','🚨ATENÇÃO: O governador de Goiás, Ronaldo Caiado, está mobilizando a PRF para barrar ônibus que estiverem tentando fugir do Distrito Federal. Todos os terroristas serão presos.',-1,'machine',0,'asdkaskdhjk12312312'),('L053','É inacreditável a FALHA no esquema de segurança do Governo do Distrito Federal nessa invasão de bolsonaristas radicais na Esplanada dos Ministérios. A PM fez um cordão de isolamento frouxo e praticamente não apresentou resistência aos golpistas. Muito grave tudo isso!',-1,'machine',0,'63a80aae55cc11efbda2803f'),('L055','Para quem tá na dúvida de quem são os influenciadores golpistas que não aceitam resultado de eleição, eles gravaram um vídeo juntinhos. São os mesmos que passaram anos ameaçando intervenção militar com o artigo 142. Sempre foram reacinhas golpistas e não desistem do golpe.',-1,'machine',0,'63a80b6c55cc11efbda2803f'),('L059','Acompanho protesto no DF há muitos anos. Digo sem margem de erro: é impossível existir invasão ao STF, ao Palácio do Planalto e ao Congresso. Isso só acontece com a colaboração ativa da Polícia Militar e do Governo do Distrito Federal. Ibaneis é parte do atentado golpista!',-1,'placebo',0,'63a809fa55cc11efbda2803f'),('L060','PM do DF permitiu absurdamente a entrada de bolsonaristas no Congresso Nacional e a aproximação ao Palácio do Planalto. Os golpistas, com ou sem farda, têm que ser responsabilizados e presos!',-1,'placebo',0,'63a811e855cc11efbda2803f'),('L061','Alexandre recusa denúncia, alega litigância de má fé, aplica multa de 22 milhões ao PL e envia Valdemar e o advogado do partido para o inquérito das milícias digitais. O recado foi dado: Não ouse questionar.',-1,'placebo',0,'63a809fa55cc11efbda2803f'),('L063','🚨 URGENTE! Diretor-geral bolsonarista da Polícia Rodoviária Federal vai ter que se explicar ao TSE sobre policiais que estão impedindo eleitores nordestinos mais pobres de irem votar! #Eleicoes2022',-1,'placebo',0,'63a811e855cc11efbda2803f'),('L068','Governo do DF foi irresponsável frente à invasão de Brasília e do Congresso Nacional. É um crime anunciado contra a democracia, contra a vontade das urnas e por outros interesses. Governador e seu secretário de segurança, bolsonarista, são responsáveis pelo que acontecer',-1,'placebo',1,NULL),('L070','URGENTE AGORA: imagens que acabam de ser divulgadas mostram que sete dos nove militares do GSI que estavam no palácio do planalto durante a invasão do 08 de janeiro, eram seguranças de Bolsonaro e participaram, inclusive, de suas motociatas! A CASA CAIU! Tome CPMI, otários! 😂',-1,'placebo',0,'TestingLoadingP2'),('L073','ATÉ O MOMENTO EU ERA 100% BOLSONARO! FIQUEI QUASE 1 MÊS DORMINDO EM BARRACA NA FRENTE DO QUARTEL AQUI DA CIDADE! MAS DEPOIS DE VER O EDUARDO BOLSONARO CURTINDO A COPA LÁ NO QATAR NÃO ME RESTA DÚVIDAS! VOU ABANDONAR O BOLSONARISMO E APOIAR O PRESIDENTE QUE GANHOU AS ELEIÇÕES 🇧🇷',-1,'placebo',0,'TestingLoadingP2'),('L074','Atenção! Informação oficial! Acabei de checar com a câmara dos Deputados: Eduardo Bolsonaro NÃO ESTÁ EM VIAGEM OFICIAL AO CATAR! Mais uma vez ele mente pro gado burro! Faz o “B”, OTÁRIO! 🤡',-1,'placebo',0,'63a80db055cc11efbda2803f'),('L076','ATENÇÃO: Nos bastidores, governador de Brasília é acusado de omissão e PM é apontada como conivente com invasões e ministros de Estado começam a defender intervenção federal no Distrito Federal.',-1,'placebo',0,'63a80c4855cc11efbda2803f'),('L078','Dilma sofreu um impeachment (por motivação política) Lula foi preso (em um processo parcial) Nunca houve nada minimamente parecido com o que o terrorismo bolsonarista realiza em Brasília hoje. Que este episódio sirva para acabar, de uma vez por todas, com a falsa equivalência',-1,'placebo',0,'63a80cf255cc11efbda2803f'),('L081','Comando da Polícia Rodoviária Federal quer prender o povo nordestino num capô para impedi-lo de botar? Todos são Genivaldos. Diretor da PRF quer ser peso? Que se prenda.',-1,'placebo',0,'asdnasjhdasjdhjh123123'),('L083','Bolsonaro mandou Polícia Rodoviária Federal impedir o povo nordestino de manifestar sua vontade nas urnas. Isso é racismo, xenofobia além de abuso da máquina pública e crime eleitoral.',-1,'placebo',0,'asdnasjhdasjdhjh123123'),('L084','🚨 Diretor-geral da Polícia Rodoviária Federal terá que parar IMEDIATAMENTE operações de transporte público contra eleitores nordestinos, caso contrário, será PRESO, afirma Alexandre de Moraes! #Eleicoes2022',-1,'placebo',0,'63a80cf255cc11efbda2803f'),('L088','A atitude criminosa e radical de golpistas, ao afrontarem os poderes, invadindo o Congresso Nacional e vandalizando o STF e o Planalto, precisa de punição exemplar. Os líderes políticos coniventes, bem como os financiadores dessa ação, devem ser responsabilizados com rigor. +',-1,'placebo',0,'63a80db055cc11efbda2803f'),('L089','ABSURDO! Golpistas estão na Esplanada dos Ministérios pedindo o fechamento do Congresso. Liberdade de manifestação é uma coisa, crime contra a democracia é outra. Cadeia neles!',-1,'placebo',0,'63a80c4855cc11efbda2803f'),('R000','🚨URGENTE!🚨Cacique Xavante Tserere ACABA DE SER PRESO pela Polícia Federal por ordem de Alexandre de Moraes em frente ao Palácio do Alvorada - residência do Presidente da República! Uma afronta direta ao presidente e uma escalada da crise entre os poderes que vive o país.',1,'human',1,NULL),('R003','Ministro da suprema corte Brasileira responde a um eleitor que pedia por respostas: Perdeu Mané. Mas eles continuam jurando que os poderes seguem dentro de suas atribuições... Que a democracia segue plena e restaurada. Brasil, o país submisso.',1,'human',0,'63a80bf855cc11efbda2803f'),('R005','A cara de pau da #GloboLixo nesse momento foi estarrecedora! Admiro a coragem, pq vergonha não teve nenhuma! Nunca se esqueçam do que esses caras fizeram com você. NUNCA!!!!',1,'human',0,'63a80e4655cc11efbda2803f'),('R009','Resumo das urnas mais confiáveis do mundo: elas \"travam\" como o celular e precisam ser reiniciadas. Fato é que, nessas urnas que \"travam\", o ladrão teve aproximadamente 52% contra 47% do Presidente Bolsonaro. Já nas urnas que não \"travam\", Bolsonaro teve 51% e o ladrão 49%.',1,'human',0,'63a8082455cc11efbda2803f'),('R011','A imprensa diz que o relatório do PL é superficial. Não é, mas se querem algo ainda mais contundente é só pedir pro TSE liberar o código-fonte. Em resumo, se correr o bicho pega, se ficar, o bicho come. Perdeu, mané.',1,'human',0,'63a80e0a55cc11efbda2803f'),('R013','O PL das FAKE NEWS poderá ser votado essa semana. É o GOVERNO querendo acabar com as redes sociais. CENSURA não! PL2630 não! Baixe em: #pl2630nao #pldacensuranão',1,'human',0,'63a80b1255cc11efbda2803f'),('R015','A votação da urgência será nominal, significa que cada deputado terá que dar o seu voto individual. GRAVE O NOME DE CADA UM QUE VOTAR PELA CENSURA! COLA NO ESPELHO E DEIXA LÁ ATE 2026. O BRASILEIRO PRECISA COMEÇAR A TER MEMÓRIA! #PLdaCensuraNão',1,'human',0,'63a80b1255cc11efbda2803f'),('R019','Algumas infos só para vcs, para não atrapalhar o sono do Xandão, o pedido que ele impôs ao PL achando ser impossível de cumprir em 24h já está pronto! Digo mais, na guerra vc cerca o inimigo de diversas formas até que não lhe sobre qualquer rota de fuga, vai vir muito mais! Tic..',1,'human',0,'63a80e0a55cc11efbda2803f'),('R023','Bom lembrar que, há uma semana, quem falasse em omissão ou conivência do governo federal nos atos criminosos do dia 8 de janeiro seria taxado como disseminador de “fake news”. Agora, com a divulgação das imagens escondidas pelo governo, o que seria “fake news” hoje já sabemos ser…',1,'human',0,'63a80d4c55cc11efbda2803f'),('R024','É a primeira vez na história do crime organizado que as vítimas assistem, em tempo real, a quadrilha se preparando para lhes roubar, conhecem os criminosos, e não podem fazer nada porque a Justiça a quem poderiam recorrer faz parte da quadrilha.',1,'human',0,'63a80bf855cc11efbda2803f'),('R025','A Globo pode fazer fake news a favor, com direito a sensacionalismo dizendo que tem de barrar o Discord que sequer é atingido pelo projeto, mas o Google não pode falar a VERDADE sobre o PL da Censura. Este é o governo da MENTIRA e do AUTORITARISMO. Ditadura e censura, não!',1,'human',0,'63a8097855cc11efbda2803f'),('R026','- Você viu o Eduardo Bolsonaro na Copa?? - Vi, e daí!? - Você vai continuar na rua, na chuva e ele passeando no Qatar!? - Claro! Não tô na rua por causa do Eduardo Bolsonaro nem por causa de nenhum político, tô na rua por causa dos meus filhos, pela Liberdade e pelo meu país!',1,'human',0,'63a8082455cc11efbda2803f'),('R027','MUNDO NEWS. JORNAL BRITÂNICO ACUSA DURAMENTE ALEXANDRE DE MORAES, DITADOR E PARCIAL AO CRIME DO LULA, DIZ QUE MORAES FORÇA A POPULAÇÃO ACEITAR O CRIMINOSO COM 12 DE CONDENAÇÃO COMO PRESIDENTE, DIZ ESPANTADO COM OS ABSURDOS😷🤮',1,'human',0,'63a80e4655cc11efbda2803f'),('R029','O PL da censura! Não é um projeto para proibir as fake news, mas para criar um conselho indicado pelo governo LULA para definir o que pode ou não ser dito nas redes sociais. E você pode ser preso por isso! Saiba como votam os deputados do seu estado:',1,'human',0,'63a8097855cc11efbda2803f'),('R030','Então, com o PL da censura pode ser que fique INVIAVEL OFERECER SERVIÇOS GRATUITOS DE REDES SOCIAIS. Acho que a galera não vai querer pagar pra postar foto de comida no Instagram... Quem disse isso foi o GOOGLE. ACORDA BRASIL! #PLdaCensuraNao',1,'human',0,'63a80d4c55cc11efbda2803f'),('R034','É preciso esclarecer, o relatório do PL, baseado na auditoria de técnicos renomados do ITA, não diz que Bolsonaro teve 51% dos votos... Diz que Bolsonaro teve NO MÍNIMO 51%. Ou seja, a diferença pode ter sido muito maior. #BolsonaroReeleito com larga vantagem!',1,'machine',0,'63a80ca255cc11efbda2803f'),('R036','Vamos desenhar o ministro Barroso em três fases: 1) Antes das eleições - \"eleição não se vence, eleição se toma\". 2) Durante as eleições - \"Já vai tarde\". 3) Depois das eleições - \"Perdeu, mané, não amola\". Esse é o estado democrático de direito da república do bananil.',1,'machine',0,'63a80b6c55cc11efbda2803f'),('R038','-Bolsonaro, o ministro da educação caiu por corrupção com pastores. -Bonner, cadê o duto do dinheiro? -Não sei. -Então você me acusa sem saber, Bonner. #GloboLixo 🤣',1,'machine',0,'TestingLoadingP'),('R042','Quero entender a lógica do pessoal que acha válido o pessoal de alguns sindicatos invadirem, depredarem e pararem a ALESP, mas que agora, estão pedindo prisão de todos que estão ocupando a Esplanada dos Ministérios. Ainda dá tempo de prender o pessoal do sindicato, se for o caso?',1,'machine',0,'asdkaskdhjk12312312'),('R043','Os deputados que não tinham assinado ainda o nosso requerimento de CPMI do 8 de janeiro agora estão assinando. O jogo virou! Governo Lula não conseguirá conter o parlamento. Parabéns, dep. Rafael Simoes!',1,'machine',0,'63a80b6c55cc11efbda2803f'),('R047','Culpados: Alexandre de Moraes, Barroso, Lewandowski, Gilmar Mendes e a omissão do senador Rodrigo Pacheco. Se não há representantes, o povo vai exercer o poder.',1,'machine',0,'63a80bb255cc11efbda2803f'),('R048','🚨 URGENTE! Infiltrados estão se passando por Bolsonaristas, e estão tacando fogo em carros/ônibus, bem como fazendo arrastões em Brasília. Não se deixe enganar, a mídia militante quer te enganar e fazer palco para um Capitólio tupiniquim! Fiquem atentos!',1,'machine',0,'asdkaskdhjk12312312'),('R049','Pergunta para a CPMI fazer: O que esse \"patriota\" estaria fazendo com a bandeira do MST na mão, dentro do Palácio do Planalto, durante a invasão com depredação do 8 de janeiro???',1,'machine',0,'63a80bb255cc11efbda2803f'),('R050','“PERDEU, MANÉ”! Foi isso mesmo que o ministro Barroso disse a quem lhe perguntava sobre o processo eleitoral? FOI. Está gravado. Bem, essa declaração confirma toda a suspeição e DESMORALIZA definitivamente a eleição presidencial no Brasil. Que as providências legais sejam tomadas',1,'machine',1,NULL),('R051','Esse é meu tio, Silvinei Vasques. Ele é diretor-geral da Polícia Rodoviária Federal, nesse exato momento ele está salvando o país do comunismo. O que você tem a dizer a esse grande homem?',1,'machine',0,'63a80aae55cc11efbda2803f'),('R054','🚨URGENTE!!!🚨 Imagens de dentro do Palácio do Planalto comprovam: ministro do GSI de Lula, General Gonçalves Dias, contribuiu para a depredação e está sendo ACOBERTADO pelo Governo. Lula não pode continuar presidente. CPMI do 8 de Janeiro e impeachment já!',1,'machine',0,'63a80f0e55cc11efbda2803f'),('R056','O GSI do Lula não apenas facilitou a entrada dos invasores no dia 8 de janeiro, como também os invasores receberam orientações do ministro chefe do GSI, Gonçalves Dias, escolhido por Lula. Alguma dúvida de que a CPMI do 8 de janeiro é prioridade?',1,'machine',0,'63a80ca255cc11efbda2803f'),('R057','Acabou a narrativa da esquerda: Eduardo Bolsonaro mostra que não viajou ‘à brincadeira’ e levou dezenas de pen-drives com vídeos em inglês explicando situação atual do Brasil para o Catar; VEJA VÍDEO',1,'machine',0,'63a80f0e55cc11efbda2803f'),('R058','URGENTE! BOMBA! Gonçalves Dias, ministro do GSI de lula conhecido como o “general de lula”, segundo site JOTA, aparece em câmeras do Palácio do Planalto liberando acesso no dia 08/01. Agora entendemos tamanho medo da CPMI! O que mais vamos descobrir, lula?? 👉 CPMI JÁ!',1,'machine',0,'TestingLoadingP'),('R062','Eduardo Bolsonaro depois das eleições já foi nos Estados Unidos , México , Argentina e agora no Qatar. Prefiro o Eduardo falando bem do Brasil no exterior e mostrando a verdade que Lula MENTINDO.',1,'machine',0,'63a80aae55cc11efbda2803f'),('R064','1/ Já que o Xandão mandou, nós cumprimos! Segue a tabela da votação do primeiro turno com os quatro candidatos mais votados por modelo de urna, seja em valores absolutos ou percentuais. Mais uma vez temos o \"fenômento\" do Lula ser melhor nas urnas antigas e pior no modelo UE2020.',1,'placebo',0,'TestingLoadingP2'),('R065','Os colegues expertos do Clube de Bilderberg, que exercem influência aqui através de seus asseclas, estão impondo o caos em Brasília, com Terroristas e Infiltrados, para depois colocar a culpa nos Bolsonaristas, como fizeram no Capitólio com Trump.',1,'placebo',0,'63a809fa55cc11efbda2803f'),('R066','Mercenários Infiltrados, pagos pelo grupo da Nova Ordem Mundial, estão promovendo o Terrorismo em Brasília. Terroristas querem incriminar Bolsonaristas, Manifestantes do bem. Veja o desespero desta mulher!',1,'placebo',0,'63a811e855cc11efbda2803f'),('R067','O João Salas transmitiu toda a movimentação desde o início e assegura que haviam vândalos infiltrados, depredando e incendiando, a fim de deslegitimar o protesto contra a prisão do Cacique Serere Xavante.',1,'placebo',0,'63a80cf255cc11efbda2803f'),('R069','A esquerda enfim se deu conta que se trata de uma lei de censura na internet em benefício da mídia tradicional. Agora eles entenderam que não tem nada a ver com fake news, mas com controle. Antes tarde do que nunca. Essa PL acabará com a democracia e liberdade de expressão no BR',1,'placebo',0,'TestingLoadingP2'),('R071','Parabéns presidente que não deu o gostinho de sair de si perante a narrativa e o deboche. Diferentemente do nine, que precisa de uma \"água boa\", aqui a oração do Brasil te abençoa. Queriam o raivoso antidemocratico, receberam o calmo e controlado. Faiaram miseravis #GloboLixo',1,'placebo',0,'asdnasjhdasjdhjh123123'),('R072','A esquerda culpa os bolsonaristas pelo vandalismo. A maneira mais fácil de desfazer o \"equívoco\" é prendendo todos os baderneiros. São facilmente identificáveis, pois as fotos e os vídeos estão aí. PRENDAM TODOS e então saberemos quem são, onde vivem e o que pensam. PRISÃO JÁ!',1,'placebo',0,'63a80c4855cc11efbda2803f'),('R075','🚨Escárnio: \"Perdeu, mané! Não amola\", ministro do STF, Luís Barroso, zomba de brasileiro durante passeio dos magistrados em New York. Alexandre de Moraes também aparece no vídeo ignorando o cidadão brasileiro.',1,'placebo',0,'63a80db055cc11efbda2803f'),('R077','Telegram bloqueado no Brasil por aquele-que-não-pode-ser-citado. Esse mesmo entregou propostas para acrescentar ao PL da censura. Mas eles juram que é pela nossa liberdade… #PL2630Nao',1,'placebo',0,'asdnasjhdasjdhjh123123'),('R079','🚨URGENTE: Quer dizer que os \"patriotas\" iriam queimar um carro com bandeira do Brasil? Está claro e evidente que infiltrados, terroristas, antifas, black blocks agiram pela esquerda para denegrir os atos democráticos que estão ocorrendo nos quarteis. #SOSFFAA',1,'placebo',1,NULL),('R080','🚨URGENTE: Segundo, Roberto Motta, é inconcebivel que esses atos sejam cometidos pelos mesmos manifestantes que estão na frente do quarteis, isso é tipico de Antifas (terroristas), infiltrados, uma verdadeira armação para criminalisar os manifestantes democráticos. #SOSFFAA',1,'placebo',0,'63a80c4855cc11efbda2803f'),('R082','Polícia Federal cumpre ordem ilegal e prende Cacique Sererê. Amigos e familiares vão em defesa do índio e são repelidos a bala por maus policiais. A situação está escalando pelos desmandos do Xerife e omissão das autoridades competentes. Carona para Brasília?',1,'placebo',0,'63a80db055cc11efbda2803f'),('R085','Em 133 anos de República, passamos de “Ordem e Progresso” a “Perdeu, mané, não amola”. É o lema da Ditadura do Corruptariado. “Perdeu, Brasil, não amola”. Essa República, nascida em 15/11/1889 na Praça da Aclamação do RJ, morre hoje, 15/11/2022, em alguma calçada de Nova York.',1,'placebo',0,'63a811e855cc11efbda2803f'),('R086','Dita pelo Sr Ministro Luiz Roberto Barroso, a frase do momento é “Perdeu, Mané!”, dirigida a um brasileiro que o interpelava em NY. Com todo respeito e no msm nível, eu o alerto: - Se liga,Mané,todo o poder emana do povo! Quem avisa amigo é,cuidado com a \"cólera das multidões\"!!',1,'placebo',0,'63a809fa55cc11efbda2803f'),('R087','Nenhuma manifestação não pacífica ocorreu em todo este tempo. Todos da direita sempre enfatizaram a necessidade de manifestações pacíficas. Agora, subitamente, acontece isso, com todas essas evidências de agentes infiltrados? Difícil cair nessa.',1,'placebo',0,'63a80cf255cc11efbda2803f');
/*!40000 ALTER TABLE `Tweets` ENABLE KEYS */;
UNLOCK TABLES;
/*!40103 SET TIME_ZONE=@OLD_TIME_ZONE */;

/*!40101 SET SQL_MODE=@OLD_SQL_MODE */;
/*!40014 SET FOREIGN_KEY_CHECKS=@OLD_FOREIGN_KEY_CHECKS */;
/*!40014 SET UNIQUE_CHECKS=@OLD_UNIQUE_CHECKS */;
/*!40101 SET CHARACTER_SET_CLIENT=@OLD_CHARACTER_SET_CLIENT */;
/*!40101 SET CHARACTER_SET_RESULTS=@OLD_CHARACTER_SET_RESULTS */;
/*!40101 SET COLLATION_CONNECTION=@OLD_COLLATION_CONNECTION */;
/*!40111 SET SQL_NOTES=@OLD_SQL_NOTES */;

-- Dump completed on 2024-08-14 15:45:48
