AnswerId,FK_ParticipantId,FK_SessionId,Text1,Text2,AnswerQ1,AnswerQ2,AnswerQ3,AnswerQ4,TimeSpent,TreatedIsPolarized,OriginalIsPolarized,TreatedIsLessPolar,TreatedLikertValue,OriginalLikertValue,DiffLikertTreatedOriginal,TweetBias,ParticipantLeaning,TreatmentGroup
57bb0ebfd4654c00018e0261T1,57bb0ebfd4654c00018e0261,671179cfd13e2cb0dc00fee4,MR749,R749,4.0,5.0,5.0,2.0,44,1,1,1,4,5,-1,Right,center,machine
57bb0ebfd4654c00018e0261T2,57bb0ebfd4654c00018e0261,671179cfd13e2cb0dc00fee4,L167,ML167,3.0,3.0,5.0,3.0,43,-1,-1,0,3,3,0,Left,center,machine
57bb0ebfd4654c00018e0261T3,57bb0ebfd4654c00018e0261,671179cfd13e2cb0dc00fee4,MR050,R050,2.0,5.0,4.0,2.0,58,0,1,1,2,5,-3,Right,center,machine
57bb0ebfd4654c00018e0261T4,57bb0ebfd4654c00018e0261,671179cfd13e2cb0dc00fee4,ML633,L633,4.0,4.0,5.0,2.0,64,1,1,1,4,4,0,Left,center,machine
5ab848ffe1546900019b6ec9T1,5ab848ffe1546900019b6ec9,671793db2e378b0de8b1321d,L211,ML211,5.0,2.0,4.0,1.0,59,0,1,1,2,5,-3,Left,center,machine
5ab848ffe1546900019b6ec9T2,5ab848ffe1546900019b6ec9,671793db2e378b0de8b1321d,L891,ML891,5.0,2.0,4.0,1.0,55,0,1,1,2,5,-3,Left,center,machine
5ab848ffe1546900019b6ec9T3,5ab848ffe1546900019b6ec9,671793db2e378b0de8b1321d,MR942,R942,4.0,5.0,2.0,2.0,66,1,1,1,4,5,-1,Right,center,machine
5ab848ffe1546900019b6ec9T4,5ab848ffe1546900019b6ec9,671793db2e378b0de8b1321d,R528,MR528,4.0,2.0,4.0,1.0,40,0,1,1,2,4,-2,Right,center,machine
5c131126d6d169000148414aT1,5c131126d6d169000148414a,67152faa5a48814cd9e7a281,PL159,L159,4.0,4.0,5.0,1.0,59,1,1,0,4,4,0,Left,center-left,placebo
5c131126d6d169000148414aT2,5c131126d6d169000148414a,67152faa5a48814cd9e7a281,L482,PL482,4.0,4.0,4.0,3.0,21,1,1,0,4,4,0,Left,center-left,placebo
5c131126d6d169000148414aT3,5c131126d6d169000148414a,67152faa5a48814cd9e7a281,R314,PR314,4.0,3.0,3.0,2.0,29,-1,1,0,3,4,-1,Right,center-left,placebo
5c131126d6d169000148414aT4,5c131126d6d169000148414a,67152faa5a48814cd9e7a281,PR723,R723,5.0,5.0,4.0,3.0,18,1,1,0,5,5,0,Right,center-left,placebo
5c158ec0c6b01c0001bcfa72T1,5c158ec0c6b01c0001bcfa72,671cc7d7dc0489faede590ca,PL339,L339,5.0,5.0,5.0,2.0,64,1,1,1,5,5,0,Left,left,placebo
5c158ec0c6b01c0001bcfa72T2,5c158ec0c6b01c0001bcfa72,671cc7d7dc0489faede590ca,PR426,R426,4.0,4.0,4.0,3.0,48,1,1,0,4,4,0,Right,left,placebo
5c158ec0c6b01c0001bcfa72T3,5c158ec0c6b01c0001bcfa72,671cc7d7dc0489faede590ca,R630,PR630,5.0,3.0,4.0,1.0,44,-1,1,1,3,5,-2,Right,left,placebo
5c158ec0c6b01c0001bcfa72T4,5c158ec0c6b01c0001bcfa72,671cc7d7dc0489faede590ca,PL655,L655,5.0,5.0,5.0,3.0,15,1,1,0,5,5,0,Left,left,placebo
5c508d4ec150bc0001ff2de0T1,5c508d4ec150bc0001ff2de0,67379ad2d5473813c7a5dd67,MR932,R932,1.0,5.0,4.0,2.0,35,0,1,1,1,5,-4,Right,center-left,machine
5c508d4ec150bc0001ff2de0T2,5c508d4ec150bc0001ff2de0,67379ad2d5473813c7a5dd67,L636,ML636,5.0,1.0,5.0,1.0,21,0,1,1,1,5,-4,Left,center-left,machine
5c508d4ec150bc0001ff2de0T3,5c508d4ec150bc0001ff2de0,67379ad2d5473813c7a5dd67,R433,MR433,4.0,2.0,5.0,1.0,41,0,1,1,2,4,-2,Right,center-left,machine
5c508d4ec150bc0001ff2de0T4,5c508d4ec150bc0001ff2de0,67379ad2d5473813c7a5dd67,L746,ML746,4.0,2.0,4.0,1.0,30,0,1,1,2,4,-2,Left,center-left,machine
5d160cd4e639230001e95fc0T1,5d160cd4e639230001e95fc0,672dedd82c4731d9f83557dd,R171,HR171,5.0,1.0,4.0,1.0,96,0,1,1,1,5,-4,Right,not informed,human
5d160cd4e639230001e95fc0T2,5d160cd4e639230001e95fc0,672dedd82c4731d9f83557dd,L183,HL183,5.0,5.0,5.0,1.0,66,1,1,1,5,5,0,Left,not informed,human
5d160cd4e639230001e95fc0T3,5d160cd4e639230001e95fc0,672dedd82c4731d9f83557dd,HL439,L439,3.0,5.0,2.0,2.0,90,-1,1,1,3,5,-2,Left,not informed,human
5d160cd4e639230001e95fc0T4,5d160cd4e639230001e95fc0,672dedd82c4731d9f83557dd,HR784,R784,2.0,5.0,2.0,2.0,46,0,1,1,2,5,-3,Right,not informed,human
5d98d9971e667f00171f82e9T1,5d98d9971e667f00171f82e9,67115a94c0f683068cf68379,MR623,R623,2.0,4.0,4.0,2.0,98,0,1,1,2,4,-2,Right,center-right,machine
5d98d9971e667f00171f82e9T2,5d98d9971e667f00171f82e9,67115a94c0f683068cf68379,MR883,R883,4.0,2.0,4.0,1.0,51,1,0,0,4,2,2,Right,center-right,machine
5d98d9971e667f00171f82e9T3,5d98d9971e667f00171f82e9,67115a94c0f683068cf68379,L425,ML425,4.0,4.0,4.0,3.0,69,1,1,0,4,4,0,Left,center-right,machine
5d98d9971e667f00171f82e9T4,5d98d9971e667f00171f82e9,67115a94c0f683068cf68379,L214,ML214,2.0,2.0,4.0,4.0,49,0,0,0,2,2,0,Left,center-right,machine
5dd685e37beb29617042d345T1,5dd685e37beb29617042d345,6716b9b29e087d4f665784be,L594,PL594,4.0,2.0,5.0,1.0,67,0,1,1,2,4,-2,Left,center,placebo
5dd685e37beb29617042d345T2,5dd685e37beb29617042d345,6716b9b29e087d4f665784be,PL943,L943,2.0,2.0,5.0,3.0,81,0,0,0,2,2,0,Left,center,placebo
5dd685e37beb29617042d345T3,5dd685e37beb29617042d345,6716b9b29e087d4f665784be,PR497,R497,1.0,1.0,5.0,3.0,116,0,0,0,1,1,0,Right,center,placebo
5dd685e37beb29617042d345T4,5dd685e37beb29617042d345,6716b9b29e087d4f665784be,R379,PR379,4.0,4.0,3.0,3.0,64,1,1,0,4,4,0,Right,center,placebo
5e95bbc06074fb0008bc60faT1,5e95bbc06074fb0008bc60fa,67150cd2aaea0a4d2956bc29,PL243,L243,4.0,4.0,4.0,1.0,55,1,1,0,4,4,0,Left,not informed,placebo
5e95bbc06074fb0008bc60faT2,5e95bbc06074fb0008bc60fa,67150cd2aaea0a4d2956bc29,L419,PL419,4.0,4.0,4.0,1.0,61,1,1,1,4,4,0,Left,not informed,placebo
5e95bbc06074fb0008bc60faT3,5e95bbc06074fb0008bc60fa,67150cd2aaea0a4d2956bc29,R448,PR448,2.0,2.0,4.0,3.0,55,0,0,0,2,2,0,Right,not informed,placebo
5e95bbc06074fb0008bc60faT4,5e95bbc06074fb0008bc60fa,67150cd2aaea0a4d2956bc29,R473,PR473,4.0,4.0,4.0,3.0,47,1,1,0,4,4,0,Right,not informed,placebo
5eaf1c50f3540c614eb973a5T1,5eaf1c50f3540c614eb973a5,6711614aad8445f3a8e8bbe5,PR620,R620,5.0,5.0,5.0,3.0,41,1,1,0,5,5,0,Right,left,placebo
5eaf1c50f3540c614eb973a5T2,5eaf1c50f3540c614eb973a5,6711614aad8445f3a8e8bbe5,PR553,R553,5.0,5.0,5.0,3.0,53,1,1,0,5,5,0,Right,left,placebo
5eaf1c50f3540c614eb973a5T3,5eaf1c50f3540c614eb973a5,6711614aad8445f3a8e8bbe5,PL777,L777,3.0,3.0,5.0,3.0,33,-1,-1,0,3,3,0,Left,left,placebo
5eaf1c50f3540c614eb973a5T4,5eaf1c50f3540c614eb973a5,6711614aad8445f3a8e8bbe5,L413,PL413,4.0,4.0,5.0,3.0,47,1,1,0,4,4,0,Left,left,placebo
5eb33041025b5d1264d47e00T1,5eb33041025b5d1264d47e00,67139fe1ff9700230873c6f5,HR360,R360,2.0,4.0,1.0,2.0,251,0,1,1,2,4,-2,Right,center-left,human
5eb33041025b5d1264d47e00T2,5eb33041025b5d1264d47e00,67139fe1ff9700230873c6f5,L037,HL037,5.0,2.0,4.0,1.0,54,0,1,1,2,5,-3,Left,center-left,human
5eb33041025b5d1264d47e00T3,5eb33041025b5d1264d47e00,67139fe1ff9700230873c6f5,HR155,R155,1.0,4.0,2.0,2.0,34,0,1,1,1,4,-3,Right,center-left,human
5eb33041025b5d1264d47e00T4,5eb33041025b5d1264d47e00,67139fe1ff9700230873c6f5,HL099,L099,2.0,5.0,2.0,2.0,34,0,1,1,2,5,-3,Left,center-left,human
5f18319541b5a021beae9b9aT1,5f18319541b5a021beae9b9a,6716b8641a67847b3904099d,R284,MR284,1.0,1.0,5.0,3.0,39,0,0,0,1,1,0,Right,center,machine
5f18319541b5a021beae9b9aT2,5f18319541b5a021beae9b9a,6716b8641a67847b3904099d,ML948,L948,1.0,5.0,4.0,2.0,72,0,1,1,1,5,-4,Left,center,machine
5f18319541b5a021beae9b9aT3,5f18319541b5a021beae9b9a,6716b8641a67847b3904099d,ML332,L332,1.0,5.0,4.0,2.0,54,0,1,1,1,5,-4,Left,center,machine
5f18319541b5a021beae9b9aT4,5f18319541b5a021beae9b9a,6716b8641a67847b3904099d,R882,MR882,5.0,2.0,3.0,1.0,48,0,1,1,2,5,-3,Right,center,machine
5f3692bf1640190638ebb687T1,5f3692bf1640190638ebb687,6730c1b9ff2c1569d33153ec,R381,PR381,5.0,4.0,4.0,1.0,49,1,1,1,4,5,-1,Right,left,placebo
5f3692bf1640190638ebb687T2,5f3692bf1640190638ebb687,6730c1b9ff2c1569d33153ec,L181,PL181,3.0,3.0,4.0,3.0,50,-1,-1,0,3,3,0,Left,left,placebo
5f3692bf1640190638ebb687T3,5f3692bf1640190638ebb687,6730c1b9ff2c1569d33153ec,PR422,R422,2.0,3.0,4.0,3.0,62,0,-1,0,2,3,-1,Right,left,placebo
5f3692bf1640190638ebb687T4,5f3692bf1640190638ebb687,6730c1b9ff2c1569d33153ec,L262,PL262,2.0,2.0,5.0,3.0,49,0,0,0,2,2,0,Left,left,placebo
5f4271aace2acb4569f716fbT1,5f4271aace2acb4569f716fb,6729fa93aec95dd8c92ea76d,L222,ML222,4.0,2.0,1.0,1.0,114,0,1,1,2,4,-2,Left,center-left,machine
5f4271aace2acb4569f716fbT2,5f4271aace2acb4569f716fb,6729fa93aec95dd8c92ea76d,MR745,R745,2.0,5.0,1.0,2.0,57,0,1,1,2,5,-3,Right,center-left,machine
5f4271aace2acb4569f716fbT3,5f4271aace2acb4569f716fb,6729fa93aec95dd8c92ea76d,L961,ML961,4.0,5.0,2.0,2.0,100,1,1,0,5,4,1,Left,center-left,machine
5f4271aace2acb4569f716fbT4,5f4271aace2acb4569f716fb,6729fa93aec95dd8c92ea76d,MR922,R922,4.0,5.0,2.0,2.0,94,1,1,1,4,5,-1,Right,center-left,machine
5fa30c6baab6c25b14747b36T1,5fa30c6baab6c25b14747b36,6712159c7d6694cd736c1f64,R707,HR707,5.0,4.0,4.0,1.0,56,1,1,1,4,5,-1,Right,center-left,human
5fa30c6baab6c25b14747b36T2,5fa30c6baab6c25b14747b36,6712159c7d6694cd736c1f64,HR147,R147,5.0,4.0,2.0,1.0,76,1,1,0,5,4,1,Right,center-left,human
5fa30c6baab6c25b14747b36T3,5fa30c6baab6c25b14747b36,6712159c7d6694cd736c1f64,HL555,L555,4.0,5.0,5.0,2.0,37,1,1,1,4,5,-1,Left,center-left,human
5fa30c6baab6c25b14747b36T4,5fa30c6baab6c25b14747b36,6712159c7d6694cd736c1f64,L269,HL269,5.0,4.0,4.0,1.0,43,1,1,1,4,5,-1,Left,center-left,human
60185c812e31c90cbd82f28cT1,60185c812e31c90cbd82f28c,67124dac9e2123793aee0047,PR376,R376,4.0,5.0,4.0,2.0,57,1,1,1,4,5,-1,Right,center-left,placebo
60185c812e31c90cbd82f28cT2,60185c812e31c90cbd82f28c,67124dac9e2123793aee0047,L291,PL291,4.0,2.0,4.0,1.0,49,0,1,1,2,4,-2,Left,center-left,placebo
60185c812e31c90cbd82f28cT3,60185c812e31c90cbd82f28c,67124dac9e2123793aee0047,PL430,L430,4.0,5.0,4.0,2.0,26,1,1,1,4,5,-1,Left,center-left,placebo
60185c812e31c90cbd82f28cT4,60185c812e31c90cbd82f28c,67124dac9e2123793aee0047,PR888,R888,3.0,3.0,4.0,3.0,32,-1,-1,0,3,3,0,Right,center-left,placebo
601aa5ad4bb8ca3105c57b47T1,601aa5ad4bb8ca3105c57b47,671178ab14f64e5eec7d6b3d,R927,MR927,4.0,2.0,4.0,1.0,25,0,1,1,2,4,-2,Right,not informed,machine
601aa5ad4bb8ca3105c57b47T2,601aa5ad4bb8ca3105c57b47,671178ab14f64e5eec7d6b3d,L463,ML463,4.0,2.0,4.0,1.0,16,0,1,1,2,4,-2,Left,not informed,machine
601aa5ad4bb8ca3105c57b47T3,601aa5ad4bb8ca3105c57b47,671178ab14f64e5eec7d6b3d,R501,MR501,4.0,2.0,4.0,1.0,20,0,1,1,2,4,-2,Right,not informed,machine
601aa5ad4bb8ca3105c57b47T4,601aa5ad4bb8ca3105c57b47,671178ab14f64e5eec7d6b3d,ML988,L988,2.0,4.0,4.0,2.0,15,0,1,1,2,4,-2,Left,not informed,machine
601deb10b1f15322f2887850T1,601deb10b1f15322f2887850,6718d49a5ffc8fe932a604f0,HR080,R080,4.0,5.0,4.0,2.0,47,1,1,1,4,5,-1,Right,left,human
601deb10b1f15322f2887850T2,601deb10b1f15322f2887850,6718d49a5ffc8fe932a604f0,L067,HL067,4.0,3.0,4.0,1.0,47,-1,1,1,3,4,-1,Left,left,human
601deb10b1f15322f2887850T3,601deb10b1f15322f2887850,6718d49a5ffc8fe932a604f0,L221,HL221,5.0,5.0,4.0,2.0,65,1,1,0,5,5,0,Left,left,human
601deb10b1f15322f2887850T4,601deb10b1f15322f2887850,6718d49a5ffc8fe932a604f0,HR116,R116,3.0,5.0,2.0,2.0,80,-1,1,1,3,5,-2,Right,left,human
606f10d6a7f29420571b07ccT1,606f10d6a7f29420571b07cc,6716aa33135f76179eced3c9,HR442,R442,2.0,4.0,5.0,2.0,62,0,1,1,2,4,-2,Right,left,human
606f10d6a7f29420571b07ccT2,606f10d6a7f29420571b07cc,6716aa33135f76179eced3c9,HR786,R786,3.0,5.0,4.0,2.0,100,-1,1,1,3,5,-2,Right,left,human
606f10d6a7f29420571b07ccT3,606f10d6a7f29420571b07cc,6716aa33135f76179eced3c9,HL201,L201,4.0,5.0,5.0,2.0,44,1,1,1,4,5,-1,Left,left,human
606f10d6a7f29420571b07ccT4,606f10d6a7f29420571b07cc,6716aa33135f76179eced3c9,HL288,L288,2.0,5.0,4.0,2.0,36,0,1,1,2,5,-3,Left,left,human
608b1ac239a12b93a41241bbT1,608b1ac239a12b93a41241bb,67121a5bb57f47dcac23bd95,L872,HL872,4.0,2.0,4.0,1.0,28,0,1,1,2,4,-2,Left,left,human
608b1ac239a12b93a41241bbT2,608b1ac239a12b93a41241bb,67121a5bb57f47dcac23bd95,HR768,R768,2.0,5.0,3.0,2.0,41,0,1,1,2,5,-3,Right,left,human
608b1ac239a12b93a41241bbT3,608b1ac239a12b93a41241bb,67121a5bb57f47dcac23bd95,R909,HR909,4.0,2.0,3.0,1.0,37,0,1,1,2,4,-2,Right,left,human
608b1ac239a12b93a41241bbT4,608b1ac239a12b93a41241bb,67121a5bb57f47dcac23bd95,HL047,L047,2.0,4.0,2.0,2.0,40,0,1,1,2,4,-2,Left,left,human
609152a0cafd54814fdbd287T1,609152a0cafd54814fdbd287,671a340f80a0c877437d87db,R140,HR140,5.0,1.0,4.0,1.0,43,0,1,1,1,5,-4,Right,left,human
609152a0cafd54814fdbd287T2,609152a0cafd54814fdbd287,671a340f80a0c877437d87db,L016,HL016,5.0,2.0,4.0,1.0,37,0,1,1,2,5,-3,Left,left,human
609152a0cafd54814fdbd287T3,609152a0cafd54814fdbd287,671a340f80a0c877437d87db,HR038,R038,5.0,1.0,4.0,1.0,22,1,0,0,5,1,4,Right,left,human
609152a0cafd54814fdbd287T4,609152a0cafd54814fdbd287,671a340f80a0c877437d87db,HL418,L418,1.0,5.0,3.0,2.0,22,0,1,1,1,5,-4,Left,left,human
6091763ed5641979337f6ffdT1,6091763ed5641979337f6ffd,6718d4d91e6fdf31d99156bf,PL617,L617,3.0,4.0,5.0,2.0,49,-1,1,1,3,4,-1,Left,far-left,placebo
6091763ed5641979337f6ffdT2,6091763ed5641979337f6ffd,6718d4d91e6fdf31d99156bf,L580,PL580,5.0,4.0,5.0,1.0,101,1,1,1,4,5,-1,Left,far-left,placebo
6091763ed5641979337f6ffdT3,6091763ed5641979337f6ffd,6718d4d91e6fdf31d99156bf,R855,PR855,4.0,5.0,5.0,2.0,61,1,1,0,5,4,1,Right,far-left,placebo
6091763ed5641979337f6ffdT4,6091763ed5641979337f6ffd,6718d4d91e6fdf31d99156bf,R983,PR983,5.0,5.0,4.0,2.0,34,1,1,0,5,5,0,Right,far-left,placebo
60bbe0da43325dadf2b1b6a9T1,60bbe0da43325dadf2b1b6a9,67116e8237dcd58fe2a3ddc0,L230,PL230,4.0,2.0,3.0,1.0,103,0,1,1,2,4,-2,Left,center-left,placebo
60bbe0da43325dadf2b1b6a9T2,60bbe0da43325dadf2b1b6a9,67116e8237dcd58fe2a3ddc0,L744,PL744,5.0,5.0,5.0,3.0,25,1,1,0,5,5,0,Left,center-left,placebo
60bbe0da43325dadf2b1b6a9T3,60bbe0da43325dadf2b1b6a9,67116e8237dcd58fe2a3ddc0,PR795,R795,4.0,5.0,3.0,2.0,34,1,1,1,4,5,-1,Right,center-left,placebo
60bbe0da43325dadf2b1b6a9T4,60bbe0da43325dadf2b1b6a9,67116e8237dcd58fe2a3ddc0,R618,PR618,5.0,5.0,5.0,3.0,49,1,1,0,5,5,0,Right,center-left,placebo
60cb07e335a3ead69def5309T1,60cb07e335a3ead69def5309,672237b94844d85b6a208713,R635,HR635,3.0,3.0,5.0,1.0,116,-1,-1,1,3,3,0,Right,center-right,human
60cb07e335a3ead69def5309T2,60cb07e335a3ead69def5309,672237b94844d85b6a208713,L937,HL937,2.0,1.0,4.0,1.0,61,0,0,1,1,2,-1,Left,center-right,human
60cb07e335a3ead69def5309T3,60cb07e335a3ead69def5309,672237b94844d85b6a208713,R135,HR135,4.0,3.0,4.0,2.0,52,-1,1,0,3,4,-1,Right,center-right,human
60cb07e335a3ead69def5309T4,60cb07e335a3ead69def5309,672237b94844d85b6a208713,L094,HL094,4.0,3.0,4.0,1.0,38,-1,1,1,3,4,-1,Left,center-right,human
60cca61928c85ab4cb85fa71T1,60cca61928c85ab4cb85fa71,671e31d418793e93ee64b30e,HL591,L591,2.0,5.0,3.0,2.0,100,0,1,1,2,5,-3,Left,not informed,human
60cca61928c85ab4cb85fa71T2,60cca61928c85ab4cb85fa71,671e31d418793e93ee64b30e,HR035,R035,3.0,4.0,4.0,2.0,62,-1,1,1,3,4,-1,Right,not informed,human
60cca61928c85ab4cb85fa71T3,60cca61928c85ab4cb85fa71,671e31d418793e93ee64b30e,L619,HL619,4.0,4.0,4.0,1.0,89,1,1,1,4,4,0,Left,not informed,human
60cca61928c85ab4cb85fa71T4,60cca61928c85ab4cb85fa71,671e31d418793e93ee64b30e,HR249,R249,4.0,4.0,4.0,2.0,74,1,1,1,4,4,0,Right,not informed,human
60fd10e8d6da57730b80fadfT1,60fd10e8d6da57730b80fadf,67118f7b00417ab20da8c132,R871,HR871,5.0,2.0,4.0,1.0,48,0,1,1,2,5,-3,Right,left,human
60fd10e8d6da57730b80fadfT2,60fd10e8d6da57730b80fadf,67118f7b00417ab20da8c132,L254,HL254,5.0,2.0,4.0,1.0,39,0,1,1,2,5,-3,Left,left,human
60fd10e8d6da57730b80fadfT3,60fd10e8d6da57730b80fadf,67118f7b00417ab20da8c132,HR034,R034,2.0,4.0,2.0,2.0,64,0,1,1,2,4,-2,Right,left,human
60fd10e8d6da57730b80fadfT4,60fd10e8d6da57730b80fadf,67118f7b00417ab20da8c132,HL030,L030,1.0,5.0,4.0,2.0,34,0,1,1,1,5,-4,Left,left,human
60feeca75b7f7bd139510c61T1,60feeca75b7f7bd139510c61,671a33e89d084ed087010024,L285,ML285,5.0,4.0,4.0,1.0,71,1,1,1,4,5,-1,Left,left,machine
60feeca75b7f7bd139510c61T2,60feeca75b7f7bd139510c61,671a33e89d084ed087010024,MR346,R346,3.0,5.0,2.0,2.0,82,-1,1,1,3,5,-2,Right,left,machine
60feeca75b7f7bd139510c61T3,60feeca75b7f7bd139510c61,671a33e89d084ed087010024,R276,MR276,5.0,4.0,4.0,1.0,33,1,1,1,4,5,-1,Right,left,machine
60feeca75b7f7bd139510c61T4,60feeca75b7f7bd139510c61,671a33e89d084ed087010024,L914,ML914,4.0,3.0,4.0,1.0,47,-1,1,1,3,4,-1,Left,left,machine
6109d27d098c1da473759897T1,6109d27d098c1da473759897,673518e8d8828aa97b97d623,L231,HL231,5.0,4.0,5.0,1.0,95,1,1,1,4,5,-1,Left,center-right,human
6109d27d098c1da473759897T2,6109d27d098c1da473759897,673518e8d8828aa97b97d623,HR969,R969,1.0,1.0,5.0,3.0,38,0,0,0,1,1,0,Right,center-right,human
6109d27d098c1da473759897T3,6109d27d098c1da473759897,673518e8d8828aa97b97d623,R775,HR775,4.0,2.0,5.0,1.0,28,0,1,1,2,4,-2,Right,center-right,human
6109d27d098c1da473759897T4,6109d27d098c1da473759897,673518e8d8828aa97b97d623,HL600,L600,1.0,5.0,5.0,2.0,36,0,1,1,1,5,-4,Left,center-right,human
6128088290e183700b1060e2T1,6128088290e183700b1060e2,67117a0257fc4774aa00ffcd,HR001,R001,3.0,4.0,3.0,2.0,55,-1,1,1,3,4,-1,Right,center-left,human
6128088290e183700b1060e2T2,6128088290e183700b1060e2,67117a0257fc4774aa00ffcd,HL350,L350,2.0,5.0,2.0,2.0,44,0,1,1,2,5,-3,Left,center-left,human
6128088290e183700b1060e2T3,6128088290e183700b1060e2,67117a0257fc4774aa00ffcd,HR280,R280,4.0,5.0,4.0,2.0,35,1,1,1,4,5,-1,Right,center-left,human
6128088290e183700b1060e2T4,6128088290e183700b1060e2,67117a0257fc4774aa00ffcd,L124,HL124,4.0,2.0,3.0,1.0,50,0,1,1,2,4,-2,Left,center-left,human
612ab0385e15625a6efe9daaT1,612ab0385e15625a6efe9daa,671e54ac5e5e3f340a6f28a1,L252,HL252,5.0,3.0,5.0,1.0,89,-1,1,1,3,5,-2,Left,far-right,human
612ab0385e15625a6efe9daaT2,612ab0385e15625a6efe9daa,671e54ac5e5e3f340a6f28a1,L895,HL895,5.0,3.0,5.0,1.0,41,-1,1,1,3,5,-2,Left,far-right,human
612ab0385e15625a6efe9daaT3,612ab0385e15625a6efe9daa,671e54ac5e5e3f340a6f28a1,R653,HR653,4.0,2.0,5.0,1.0,70,0,1,1,2,4,-2,Right,far-right,human
612ab0385e15625a6efe9daaT4,612ab0385e15625a6efe9daa,671e54ac5e5e3f340a6f28a1,R587,HR587,2.0,1.0,5.0,3.0,43,0,0,0,1,2,-1,Right,far-right,human
614e000eeaf975d22cba5445T1,614e000eeaf975d22cba5445,67118865727d56035ea3657b,L193,ML193,5.0,2.0,5.0,1.0,90,0,1,1,2,5,-3,Left,center-left,machine
614e000eeaf975d22cba5445T2,614e000eeaf975d22cba5445,67118865727d56035ea3657b,R793,MR793,5.0,2.0,5.0,1.0,40,0,1,1,2,5,-3,Right,center-left,machine
614e000eeaf975d22cba5445T3,614e000eeaf975d22cba5445,67118865727d56035ea3657b,R305,MR305,5.0,1.0,5.0,1.0,59,0,1,1,1,5,-4,Right,center-left,machine
614e000eeaf975d22cba5445T4,614e000eeaf975d22cba5445,67118865727d56035ea3657b,ML881,L881,4.0,5.0,5.0,2.0,160,1,1,1,4,5,-1,Left,center-left,machine
6151fa2a75f20752350d8005T1,6151fa2a75f20752350d8005,67117f3427376ae4714d348e,PR273,R273,3.0,3.0,5.0,3.0,80,-1,-1,0,3,3,0,Right,right,placebo
6151fa2a75f20752350d8005T2,6151fa2a75f20752350d8005,67117f3427376ae4714d348e,L462,PL462,5.0,5.0,5.0,3.0,69,1,1,0,5,5,0,Left,right,placebo
6151fa2a75f20752350d8005T3,6151fa2a75f20752350d8005,67117f3427376ae4714d348e,PR583,R583,5.0,5.0,5.0,3.0,46,1,1,0,5,5,0,Right,right,placebo
6151fa2a75f20752350d8005T4,6151fa2a75f20752350d8005,67117f3427376ae4714d348e,PL827,L827,5.0,5.0,5.0,2.0,53,1,1,1,5,5,0,Left,right,placebo
61557115001e33cd457a1230T1,61557115001e33cd457a1230,673ca2e75dcbb2c5f8969dd1,R551,MR551,4.0,3.0,5.0,1.0,75,-1,1,1,3,4,-1,Right,center-left,machine
61557115001e33cd457a1230T2,61557115001e33cd457a1230,673ca2e75dcbb2c5f8969dd1,MR819,R819,1.0,1.0,5.0,3.0,32,0,0,0,1,1,0,Right,center-left,machine
61557115001e33cd457a1230T3,61557115001e33cd457a1230,673ca2e75dcbb2c5f8969dd1,ML856,L856,1.0,5.0,2.0,2.0,29,0,1,1,1,5,-4,Left,center-left,machine
61557115001e33cd457a1230T4,61557115001e33cd457a1230,673ca2e75dcbb2c5f8969dd1,ML718,L718,1.0,4.0,2.0,2.0,37,0,1,1,1,4,-3,Left,center-left,machine
6163947fb5bc36ab97bad56aT1,6163947fb5bc36ab97bad56a,67115a2ea0cdbcf57ea5f161,HL086,L086,4.0,5.0,5.0,2.0,70,1,1,1,4,5,-1,Left,left,human
6163947fb5bc36ab97bad56aT2,6163947fb5bc36ab97bad56a,67115a2ea0cdbcf57ea5f161,R169,HR169,5.0,1.0,4.0,1.0,81,0,1,1,1,5,-4,Right,left,human
6163947fb5bc36ab97bad56aT3,6163947fb5bc36ab97bad56a,67115a2ea0cdbcf57ea5f161,HL577,L577,3.0,5.0,3.0,2.0,169,-1,1,1,3,5,-2,Left,left,human
6163947fb5bc36ab97bad56aT4,6163947fb5bc36ab97bad56a,67115a2ea0cdbcf57ea5f161,R073,HR073,4.0,2.0,4.0,1.0,60,0,1,1,2,4,-2,Right,left,human
61645b6a84fd53f7290a4837T1,61645b6a84fd53f7290a4837,6713390fa2ac96c13a23860e,L774,ML774,5.0,2.0,4.0,1.0,25,0,1,1,2,5,-3,Left,right,machine
61645b6a84fd53f7290a4837T2,61645b6a84fd53f7290a4837,6713390fa2ac96c13a23860e,R367,MR367,5.0,1.0,5.0,1.0,26,0,1,1,1,5,-4,Right,right,machine
61645b6a84fd53f7290a4837T3,61645b6a84fd53f7290a4837,6713390fa2ac96c13a23860e,R754,MR754,2.0,1.0,4.0,1.0,45,0,0,1,1,2,-1,Right,right,machine
61645b6a84fd53f7290a4837T4,61645b6a84fd53f7290a4837,6713390fa2ac96c13a23860e,L281,ML281,5.0,1.0,4.0,1.0,18,0,1,1,1,5,-4,Left,right,machine
616a9aed70afcdbfbf43dacaT1,616a9aed70afcdbfbf43daca,671f56d223165112460bb1f2,PR011,R011,4.0,4.0,4.0,3.0,48,1,1,0,4,4,0,Right,center-left,placebo
616a9aed70afcdbfbf43dacaT2,616a9aed70afcdbfbf43daca,671f56d223165112460bb1f2,L875,PL875,4.0,4.0,4.0,1.0,35,1,1,1,4,4,0,Left,center-left,placebo
616a9aed70afcdbfbf43dacaT3,616a9aed70afcdbfbf43daca,671f56d223165112460bb1f2,L505,PL505,4.0,4.0,4.0,1.0,33,1,1,1,4,4,0,Left,center-left,placebo
616a9aed70afcdbfbf43dacaT4,616a9aed70afcdbfbf43daca,671f56d223165112460bb1f2,PR589,R589,5.0,5.0,5.0,1.0,27,1,1,0,5,5,0,Right,center-left,placebo
62696b4c3d25b18ffff47d0dT1,62696b4c3d25b18ffff47d0d,672e9438cfb08e24e0ee5b4e,ML537,L537,1.0,5.0,4.0,2.0,100,0,1,1,1,5,-4,Left,center-left,machine
62696b4c3d25b18ffff47d0dT2,62696b4c3d25b18ffff47d0d,672e9438cfb08e24e0ee5b4e,R847,MR847,5.0,2.0,4.0,1.0,214,0,1,1,2,5,-3,Right,center-left,machine
62696b4c3d25b18ffff47d0dT3,62696b4c3d25b18ffff47d0d,672e9438cfb08e24e0ee5b4e,ML558,L558,4.0,4.0,4.0,2.0,54,1,1,1,4,4,0,Left,center-left,machine
62696b4c3d25b18ffff47d0dT4,62696b4c3d25b18ffff47d0d,672e9438cfb08e24e0ee5b4e,R869,MR869,5.0,4.0,4.0,1.0,44,1,1,1,4,5,-1,Right,center-left,machine
62babccea6f10f16ce6a5a75T1,62babccea6f10f16ce6a5a75,67152bf8aaea0a4d2956c3be,R552,HR552,5.0,2.0,4.0,1.0,62,0,1,1,2,5,-3,Right,far-left,human
62babccea6f10f16ce6a5a75T2,62babccea6f10f16ce6a5a75,67152bf8aaea0a4d2956c3be,HR669,R669,4.0,5.0,4.0,2.0,26,1,1,1,4,5,-1,Right,far-left,human
62babccea6f10f16ce6a5a75T3,62babccea6f10f16ce6a5a75,67152bf8aaea0a4d2956c3be,L614,HL614,1.0,1.0,5.0,1.0,38,0,0,1,1,1,0,Left,far-left,human
62babccea6f10f16ce6a5a75T4,62babccea6f10f16ce6a5a75,67152bf8aaea0a4d2956c3be,L654,HL654,2.0,1.0,4.0,1.0,30,0,0,1,1,2,-1,Left,far-left,human
6346e2da58119734e201d767T1,6346e2da58119734e201d767,67122494bda0b990fc5cea3d,HL044,L044,2.0,5.0,1.0,2.0,26,0,1,1,2,5,-3,Left,not informed,human
6346e2da58119734e201d767T2,6346e2da58119734e201d767,67122494bda0b990fc5cea3d,HR126,R126,2.0,5.0,2.0,2.0,25,0,1,1,2,5,-3,Right,not informed,human
6346e2da58119734e201d767T3,6346e2da58119734e201d767,67122494bda0b990fc5cea3d,L946,HL946,4.0,3.0,4.0,1.0,32,-1,1,1,3,4,-1,Left,not informed,human
6346e2da58119734e201d767T4,6346e2da58119734e201d767,67122494bda0b990fc5cea3d,HR388,R388,2.0,2.0,5.0,3.0,31,0,0,0,2,2,0,Right,not informed,human
64532687f92beccab874da1cT1,64532687f92beccab874da1c,672bed06a1f9a800fcbd3e73,R372,PR372,4.0,2.0,2.0,1.0,34,0,1,1,2,4,-2,Right,left,placebo
64532687f92beccab874da1cT2,64532687f92beccab874da1c,672bed06a1f9a800fcbd3e73,PR879,R879,5.0,5.0,4.0,3.0,23,1,1,0,5,5,0,Right,left,placebo
64532687f92beccab874da1cT3,64532687f92beccab874da1c,672bed06a1f9a800fcbd3e73,L991,PL991,5.0,4.0,4.0,1.0,43,1,1,1,4,5,-1,Left,left,placebo
64532687f92beccab874da1cT4,64532687f92beccab874da1c,672bed06a1f9a800fcbd3e73,PL458,L458,4.0,4.0,4.0,3.0,16,1,1,0,4,4,0,Left,left,placebo
6478e0af8c176315633328e0T1,6478e0af8c176315633328e0,67116de02c0c273189b769ff,MR406,R406,4.0,5.0,5.0,2.0,48,1,1,1,4,5,-1,Right,center-right,machine
6478e0af8c176315633328e0T2,6478e0af8c176315633328e0,67116de02c0c273189b769ff,ML812,L812,5.0,5.0,5.0,2.0,66,1,1,1,5,5,0,Left,center-right,machine
6478e0af8c176315633328e0T3,6478e0af8c176315633328e0,67116de02c0c273189b769ff,ML368,L368,2.0,5.0,4.0,2.0,44,0,1,1,2,5,-3,Left,center-right,machine
6478e0af8c176315633328e0T4,6478e0af8c176315633328e0,67116de02c0c273189b769ff,MR405,R405,2.0,5.0,5.0,2.0,44,0,1,1,2,5,-3,Right,center-right,machine
64e932db43d288f41267bb87T1,64e932db43d288f41267bb87,6711d315ec8d941dbd4c170f,R515,MR515,5.0,2.0,2.0,2.0,123,0,1,0,2,5,-3,Right,center-left,machine
64e932db43d288f41267bb87T2,64e932db43d288f41267bb87,6711d315ec8d941dbd4c170f,L712,ML712,5.0,1.0,3.0,2.0,86,0,1,0,1,5,-4,Left,center-left,machine
64e932db43d288f41267bb87T3,64e932db43d288f41267bb87,6711d315ec8d941dbd4c170f,R228,MR228,5.0,2.0,4.0,2.0,68,0,1,0,2,5,-3,Right,center-left,machine
64e932db43d288f41267bb87T4,64e932db43d288f41267bb87,6711d315ec8d941dbd4c170f,ML582,L582,2.0,5.0,4.0,1.0,73,0,1,0,2,5,-3,Left,center-left,machine
64ff77269d93d4c79f8a58c5T1,64ff77269d93d4c79f8a58c5,6720356185ff15254cff6c2b,L341,ML341,5.0,4.0,4.0,1.0,40,1,1,1,4,5,-1,Left,left,machine
64ff77269d93d4c79f8a58c5T2,64ff77269d93d4c79f8a58c5,6720356185ff15254cff6c2b,MR915,R915,4.0,5.0,4.0,2.0,36,1,1,1,4,5,-1,Right,left,machine
64ff77269d93d4c79f8a58c5T3,64ff77269d93d4c79f8a58c5,6720356185ff15254cff6c2b,L122,ML122,3.0,3.0,5.0,3.0,28,-1,-1,0,3,3,0,Left,left,machine
64ff77269d93d4c79f8a58c5T4,64ff77269d93d4c79f8a58c5,6720356185ff15254cff6c2b,MR751,R751,3.0,3.0,4.0,3.0,25,-1,-1,0,3,3,0,Right,left,machine
651c0a8cc58ed94d241a03baT1,651c0a8cc58ed94d241a03ba,672f3b171217831288d5efaf,PL661,L661,4.0,4.0,5.0,3.0,86,1,1,0,4,4,0,Left,center-left,placebo
651c0a8cc58ed94d241a03baT2,651c0a8cc58ed94d241a03ba,672f3b171217831288d5efaf,R112,PR112,5.0,5.0,5.0,4.0,65,1,1,0,5,5,0,Right,center-left,placebo
651c0a8cc58ed94d241a03baT3,651c0a8cc58ed94d241a03ba,672f3b171217831288d5efaf,PR025,R025,3.0,3.0,5.0,3.0,182,-1,-1,0,3,3,0,Right,center-left,placebo
651c0a8cc58ed94d241a03baT4,651c0a8cc58ed94d241a03ba,672f3b171217831288d5efaf,L202,PL202,5.0,5.0,5.0,1.0,61,1,1,1,5,5,0,Left,center-left,placebo
65941845194f617bc81f2dacT1,65941845194f617bc81f2dac,6717753437e6a7a61bef6086,R509,PR509,5.0,5.0,5.0,3.0,40,1,1,0,5,5,0,Right,left,placebo
65941845194f617bc81f2dacT2,65941845194f617bc81f2dac,6717753437e6a7a61bef6086,PR074,R074,3.0,3.0,4.0,2.0,42,-1,-1,1,3,3,0,Right,left,placebo
65941845194f617bc81f2dacT3,65941845194f617bc81f2dac,6717753437e6a7a61bef6086,L100,PL100,2.0,4.0,4.0,2.0,39,1,0,0,4,2,2,Left,left,placebo
65941845194f617bc81f2dacT4,65941845194f617bc81f2dac,6717753437e6a7a61bef6086,L229,PL229,3.0,3.0,5.0,3.0,33,-1,-1,0,3,3,0,Left,left,placebo
65b12168f1736582e24e18ebT1,65b12168f1736582e24e18eb,67379ad2d5473813c7a5dd67,ML765,L765,3.0,5.0,5.0,2.0,35,-1,1,1,3,5,-2,Left,left,machine
65b12168f1736582e24e18ebT2,65b12168f1736582e24e18eb,67379ad2d5473813c7a5dd67,R605,MR605,3.0,2.0,4.0,3.0,35,0,-1,0,2,3,-1,Right,left,machine
65b12168f1736582e24e18ebT3,65b12168f1736582e24e18eb,67379ad2d5473813c7a5dd67,R387,MR387,4.0,2.0,4.0,1.0,21,0,1,1,2,4,-2,Right,left,machine
65b12168f1736582e24e18ebT4,65b12168f1736582e24e18eb,67379ad2d5473813c7a5dd67,ML971,L971,2.0,5.0,5.0,2.0,18,0,1,1,2,5,-3,Left,left,machine
65bd62059011c29003340f83T1,65bd62059011c29003340f83,67169a17b3ea056bd5ecb429,HL029,L029,1.0,5.0,4.0,2.0,45,0,1,1,1,5,-4,Left,center-right,human
65bd62059011c29003340f83T2,65bd62059011c29003340f83,67169a17b3ea056bd5ecb429,L437,HL437,4.0,2.0,4.0,1.0,54,0,1,1,2,4,-2,Left,center-right,human
65bd62059011c29003340f83T3,65bd62059011c29003340f83,67169a17b3ea056bd5ecb429,HR136,R136,4.0,2.0,3.0,1.0,60,1,0,0,4,2,2,Right,center-right,human
65bd62059011c29003340f83T4,65bd62059011c29003340f83,67169a17b3ea056bd5ecb429,HR024,R024,3.0,4.0,2.0,2.0,38,-1,1,1,3,4,-1,Right,center-right,human
66072bcf065f7722b6e6ec0cT1,66072bcf065f7722b6e6ec0c,671157e5bfc7c4e1195362e7,HR151,R151,4.0,5.0,4.0,2.0,98,1,1,1,4,5,-1,Right,center-left,human
66072bcf065f7722b6e6ec0cT2,66072bcf065f7722b6e6ec0c,671157e5bfc7c4e1195362e7,L894,HL894,4.0,4.0,5.0,1.0,44,1,1,1,4,4,0,Left,center-left,human
66072bcf065f7722b6e6ec0cT3,66072bcf065f7722b6e6ec0c,671157e5bfc7c4e1195362e7,R186,HR186,5.0,4.0,5.0,1.0,52,1,1,1,4,5,-1,Right,center-left,human
66072bcf065f7722b6e6ec0cT4,66072bcf065f7722b6e6ec0c,671157e5bfc7c4e1195362e7,HL092,L092,4.0,5.0,5.0,2.0,35,1,1,1,4,5,-1,Left,center-left,human
66325445c56a044e58f6e8beT1,66325445c56a044e58f6e8be,67141101d26940943573e000,R168,MR168,5.0,5.0,5.0,1.0,43,1,1,1,5,5,0,Right,center-left,machine
66325445c56a044e58f6e8beT2,66325445c56a044e58f6e8be,67141101d26940943573e000,ML162,L162,5.0,4.0,5.0,1.0,49,1,1,0,5,4,1,Left,center-left,machine
66325445c56a044e58f6e8beT3,66325445c56a044e58f6e8be,67141101d26940943573e000,L141,ML141,5.0,4.0,5.0,1.0,39,1,1,1,4,5,-1,Left,center-left,machine
66325445c56a044e58f6e8beT4,66325445c56a044e58f6e8be,67141101d26940943573e000,MR295,R295,5.0,5.0,5.0,2.0,34,1,1,1,5,5,0,Right,center-left,machine
66451a9f8be668feb7d3d240T1,66451a9f8be668feb7d3d240,6711cbdda22f0638a3f69524,R438,MR438,4.0,4.0,5.0,3.0,144,1,1,0,4,4,0,Right,center,machine
66451a9f8be668feb7d3d240T2,66451a9f8be668feb7d3d240,6711cbdda22f0638a3f69524,ML375,L375,2.0,4.0,2.0,1.0,79,0,1,0,2,4,-2,Left,center,machine
66451a9f8be668feb7d3d240T3,66451a9f8be668feb7d3d240,6711cbdda22f0638a3f69524,L534,ML534,4.0,4.0,5.0,3.0,36,1,1,0,4,4,0,Left,center,machine
66451a9f8be668feb7d3d240T4,66451a9f8be668feb7d3d240,6711cbdda22f0638a3f69524,R752,MR752,4.0,4.0,5.0,3.0,33,1,1,0,4,4,0,Right,center,machine
6648a891957434ad183ce6b4T1,6648a891957434ad183ce6b4,671219dabe180964f75b344b,PR308,R308,5.0,5.0,5.0,2.0,70,1,1,1,5,5,0,Right,left,placebo
6648a891957434ad183ce6b4T2,6648a891957434ad183ce6b4,671219dabe180964f75b344b,PL601,L601,3.0,3.0,5.0,3.0,69,-1,-1,0,3,3,0,Left,left,placebo
6648a891957434ad183ce6b4T3,6648a891957434ad183ce6b4,671219dabe180964f75b344b,PL475,L475,4.0,4.0,5.0,3.0,49,1,1,0,4,4,0,Left,left,placebo
6648a891957434ad183ce6b4T4,6648a891957434ad183ce6b4,671219dabe180964f75b344b,PR344,R344,5.0,5.0,5.0,3.0,74,1,1,0,5,5,0,Right,left,placebo
664cc91532e124f91fce47e8T1,664cc91532e124f91fce47e8,67115774f82f70440aecb6eb,MR836,R836,1.0,5.0,4.0,2.0,87,0,1,1,1,5,-4,Right,center-left,machine
664cc91532e124f91fce47e8T2,664cc91532e124f91fce47e8,67115774f82f70440aecb6eb,L884,ML884,5.0,1.0,4.0,1.0,56,0,1,1,1,5,-4,Left,center-left,machine
664cc91532e124f91fce47e8T3,664cc91532e124f91fce47e8,67115774f82f70440aecb6eb,R349,MR349,5.0,5.0,5.0,1.0,24,1,1,1,5,5,0,Right,center-left,machine
664cc91532e124f91fce47e8T4,664cc91532e124f91fce47e8,67115774f82f70440aecb6eb,L957,ML957,5.0,5.0,4.0,1.0,26,1,1,1,5,5,0,Left,center-left,machine
6658b69e777a6d0ee2bbeb26T1,6658b69e777a6d0ee2bbeb26,6712208afec03d65ed9c7cce,ML910,L910,1.0,5.0,3.0,2.0,184,0,1,1,1,5,-4,Left,left,machine
6658b69e777a6d0ee2bbeb26T2,6658b69e777a6d0ee2bbeb26,6712208afec03d65ed9c7cce,MR366,R366,2.0,4.0,3.0,2.0,58,0,1,1,2,4,-2,Right,left,machine
6658b69e777a6d0ee2bbeb26T3,6658b69e777a6d0ee2bbeb26,6712208afec03d65ed9c7cce,R451,MR451,5.0,1.0,3.0,1.0,37,0,1,1,1,5,-4,Right,left,machine
6658b69e777a6d0ee2bbeb26T4,6658b69e777a6d0ee2bbeb26,6712208afec03d65ed9c7cce,ML294,L294,2.0,2.0,4.0,3.0,40,0,0,0,2,2,0,Left,left,machine
6658e0603e414aa496b0cc7eT1,6658e0603e414aa496b0cc7e,671615da13aa9cb321f1a8a7,PR820,R820,5.0,5.0,5.0,3.0,67,1,1,0,5,5,0,Right,center-left,placebo
6658e0603e414aa496b0cc7eT2,6658e0603e414aa496b0cc7e,671615da13aa9cb321f1a8a7,PR363,R363,5.0,5.0,5.0,3.0,33,1,1,0,5,5,0,Right,center-left,placebo
6658e0603e414aa496b0cc7eT3,6658e0603e414aa496b0cc7e,671615da13aa9cb321f1a8a7,PL190,L190,4.0,4.0,4.0,3.0,43,1,1,0,4,4,0,Left,center-left,placebo
6658e0603e414aa496b0cc7eT4,6658e0603e414aa496b0cc7e,671615da13aa9cb321f1a8a7,L929,PL929,4.0,1.0,4.0,1.0,264,0,1,1,1,4,-3,Left,center-left,placebo
666aee5dc01e66ffad32389eT1,666aee5dc01e66ffad32389e,67165373b7dc60847e0cf945,L278,ML278,3.0,3.0,3.0,1.0,54,-1,-1,1,3,3,0,Left,center-left,machine
666aee5dc01e66ffad32389eT2,666aee5dc01e66ffad32389e,67165373b7dc60847e0cf945,ML207,L207,4.0,3.0,5.0,2.0,41,1,-1,1,4,3,1,Left,center-left,machine
666aee5dc01e66ffad32389eT3,666aee5dc01e66ffad32389e,67165373b7dc60847e0cf945,R279,MR279,4.0,2.0,5.0,1.0,49,0,1,1,2,4,-2,Right,center-left,machine
666aee5dc01e66ffad32389eT4,666aee5dc01e66ffad32389e,67165373b7dc60847e0cf945,R187,MR187,4.0,2.0,5.0,1.0,27,0,1,1,2,4,-2,Right,center-left,machine
66707803cfeaa5b818d5b136T1,66707803cfeaa5b818d5b136,6711604cceb6e7ec4033d972,R199,PR199,5.0,5.0,5.0,1.0,90,1,1,1,5,5,0,Right,right,placebo
66707803cfeaa5b818d5b136T2,66707803cfeaa5b818d5b136,6711604cceb6e7ec4033d972,PL649,L649,3.0,3.0,4.0,3.0,68,-1,-1,0,3,3,0,Left,right,placebo
66707803cfeaa5b818d5b136T3,66707803cfeaa5b818d5b136,6711604cceb6e7ec4033d972,PL137,L137,4.0,3.0,3.0,1.0,37,1,-1,0,4,3,1,Left,right,placebo
66707803cfeaa5b818d5b136T4,66707803cfeaa5b818d5b136,6711604cceb6e7ec4033d972,R077,PR077,4.0,4.0,4.0,1.0,39,1,1,1,4,4,0,Right,right,placebo
667185db63c2c332ebf02cd6T1,667185db63c2c332ebf02cd6,671607c0ec6921f074f125fc,R097,HR097,4.0,2.0,4.0,1.0,48,0,1,1,2,4,-2,Right,right,human
667185db63c2c332ebf02cd6T2,667185db63c2c332ebf02cd6,671607c0ec6921f074f125fc,L108,HL108,2.0,4.0,3.0,2.0,42,1,0,0,4,2,2,Left,right,human
667185db63c2c332ebf02cd6T3,667185db63c2c332ebf02cd6,671607c0ec6921f074f125fc,R114,HR114,4.0,1.0,3.0,3.0,19,0,1,0,1,4,-3,Right,right,human
667185db63c2c332ebf02cd6T4,667185db63c2c332ebf02cd6,671607c0ec6921f074f125fc,HL283,L283,2.0,3.0,3.0,3.0,23,0,-1,0,2,3,-1,Left,right,human
6679757dcf5a0a996e500673T1,6679757dcf5a0a996e500673,671157cb239fc9ef9e4b7f23,R382,PR382,5.0,5.0,5.0,1.0,43,1,1,1,5,5,0,Right,center-right,placebo
6679757dcf5a0a996e500673T2,6679757dcf5a0a996e500673,671157cb239fc9ef9e4b7f23,L764,PL764,5.0,5.0,5.0,3.0,30,1,1,0,5,5,0,Left,center-right,placebo
6679757dcf5a0a996e500673T3,6679757dcf5a0a996e500673,671157cb239fc9ef9e4b7f23,PR518,R518,5.0,5.0,5.0,3.0,29,1,1,0,5,5,0,Right,center-right,placebo
6679757dcf5a0a996e500673T4,6679757dcf5a0a996e500673,671157cb239fc9ef9e4b7f23,PL572,L572,5.0,5.0,5.0,2.0,33,1,1,1,5,5,0,Left,center-right,placebo
667d9e3136e04a629c3f290dT1,667d9e3136e04a629c3f290d,6711ab6a8c924db7e485e820,R009,HR009,4.0,2.0,2.0,1.0,48,0,1,1,2,4,-2,Right,center-left,human
667d9e3136e04a629c3f290dT2,667d9e3136e04a629c3f290d,6711ab6a8c924db7e485e820,HL719,L719,2.0,5.0,4.0,2.0,58,0,1,1,2,5,-3,Left,center-left,human
667d9e3136e04a629c3f290dT3,667d9e3136e04a629c3f290d,6711ab6a8c924db7e485e820,R250,HR250,5.0,3.0,4.0,1.0,51,-1,1,1,3,5,-2,Right,center-left,human
667d9e3136e04a629c3f290dT4,667d9e3136e04a629c3f290d,6711ab6a8c924db7e485e820,HL145,L145,5.0,4.0,4.0,2.0,43,1,1,1,5,4,1,Left,center-left,human
6681d45bd6816913e30363eeT1,6681d45bd6816913e30363ee,67130ae1ac83ae794a17f1cc,PR026,R026,4.0,2.0,5.0,1.0,311,1,0,0,4,2,2,Right,center-right,placebo
6681d45bd6816913e30363eeT2,6681d45bd6816913e30363ee,67130ae1ac83ae794a17f1cc,PL052,L052,4.0,4.0,5.0,3.0,112,1,1,0,4,4,0,Left,center-right,placebo
6681d45bd6816913e30363eeT3,6681d45bd6816913e30363ee,67130ae1ac83ae794a17f1cc,PL480,L480,4.0,4.0,5.0,3.0,89,1,1,0,4,4,0,Left,center-right,placebo
6681d45bd6816913e30363eeT4,6681d45bd6816913e30363ee,67130ae1ac83ae794a17f1cc,R512,PR512,5.0,5.0,5.0,3.0,83,1,1,0,5,5,0,Right,center-right,placebo
668d6a34e104ca28684929f4T1,668d6a34e104ca28684929f4,6720f3ee1e6d0d64dba5ea9d,PL762,L762,4.0,4.0,4.0,2.0,82,1,1,1,4,4,0,Left,center-left,placebo
668d6a34e104ca28684929f4T2,668d6a34e104ca28684929f4,6720f3ee1e6d0d64dba5ea9d,R164,PR164,5.0,5.0,5.0,3.0,39,1,1,0,5,5,0,Right,center-left,placebo
668d6a34e104ca28684929f4T3,668d6a34e104ca28684929f4,6720f3ee1e6d0d64dba5ea9d,L101,PL101,4.0,4.0,4.0,3.0,48,1,1,0,4,4,0,Left,center-left,placebo
668d6a34e104ca28684929f4T4,668d6a34e104ca28684929f4,6720f3ee1e6d0d64dba5ea9d,PR189,R189,4.0,4.0,4.0,3.0,36,1,1,0,4,4,0,Right,center-left,placebo
66b3ace64c9b2e3f3dc2a60bT1,66b3ace64c9b2e3f3dc2a60b,6716151132d6a67b7bc47bee,MR327,R327,2.0,5.0,1.0,2.0,110,0,1,1,2,5,-3,Right,center-left,machine
66b3ace64c9b2e3f3dc2a60bT2,66b3ace64c9b2e3f3dc2a60b,6716151132d6a67b7bc47bee,L817,ML817,4.0,1.0,2.0,1.0,42,0,1,1,1,4,-3,Left,center-left,machine
66b3ace64c9b2e3f3dc2a60bT3,66b3ace64c9b2e3f3dc2a60b,6716151132d6a67b7bc47bee,MR441,R441,3.0,4.0,4.0,2.0,82,-1,1,1,3,4,-1,Right,center-left,machine
66b3ace64c9b2e3f3dc2a60bT4,66b3ace64c9b2e3f3dc2a60b,6716151132d6a67b7bc47bee,ML854,L854,2.0,4.0,4.0,2.0,87,0,1,1,2,4,-2,Left,center-left,machine
66bab89594fb0f1b52769f64T1,66bab89594fb0f1b52769f64,6711ec89b7d9d677d9aee5ed,R107,PR107,5.0,5.0,5.0,3.0,119,1,1,0,5,5,0,Right,center,placebo
66bab89594fb0f1b52769f64T2,66bab89594fb0f1b52769f64,6711ec89b7d9d677d9aee5ed,L049,PL049,5.0,5.0,5.0,2.0,52,1,1,0,5,5,0,Left,center,placebo
66bab89594fb0f1b52769f64T3,66bab89594fb0f1b52769f64,6711ec89b7d9d677d9aee5ed,R255,PR255,5.0,5.0,5.0,3.0,103,1,1,0,5,5,0,Right,center,placebo
66bab89594fb0f1b52769f64T4,66bab89594fb0f1b52769f64,6711ec89b7d9d677d9aee5ed,L557,PL557,5.0,5.0,5.0,3.0,46,1,1,0,5,5,0,Left,center,placebo
66ccf57e345ab35b0dcfeb37T1,66ccf57e345ab35b0dcfeb37,,PL056,L056,4.0,4.0,5.0,2.0,97,1,1,1,4,4,0,Left,center-left,placebo
66ccf57e345ab35b0dcfeb37T2,66ccf57e345ab35b0dcfeb37,,R084,PR084,4.0,3.0,2.0,1.0,191,-1,1,1,3,4,-1,Right,center-left,placebo
66ccf57e345ab35b0dcfeb37T3,66ccf57e345ab35b0dcfeb37,,L670,PL670,5.0,5.0,5.0,3.0,65,1,1,0,5,5,0,Left,center-left,placebo
66ccf57e345ab35b0dcfeb37T4,66ccf57e345ab35b0dcfeb37,,PR139,R139,4.0,4.0,4.0,3.0,62,1,1,0,4,4,0,Right,center-left,placebo
66ccf8abf9e250aa74ab1d3fT1,66ccf8abf9e250aa74ab1d3f,672ca6a6249de4f50ff42e37,R227,HR227,5.0,5.0,4.0,1.0,99,1,1,1,5,5,0,Right,center-right,human
66ccf8abf9e250aa74ab1d3fT2,66ccf8abf9e250aa74ab1d3f,672ca6a6249de4f50ff42e37,L039,HL039,5.0,1.0,2.0,1.0,61,0,1,1,1,5,-4,Left,center-right,human
66ccf8abf9e250aa74ab1d3fT3,66ccf8abf9e250aa74ab1d3f,672ca6a6249de4f50ff42e37,HR282,R282,5.0,5.0,5.0,2.0,72,1,1,1,5,5,0,Right,center-right,human
66ccf8abf9e250aa74ab1d3fT4,66ccf8abf9e250aa74ab1d3f,672ca6a6249de4f50ff42e37,HL054,L054,4.0,5.0,1.0,2.0,61,1,1,1,4,5,-1,Left,center-right,human
66d6c656018a013f3c049a3cT1,66d6c656018a013f3c049a3c,6712566a9b47f51f3dfec246,L007,ML007,5.0,4.0,4.0,1.0,71,1,1,1,4,5,-1,Left,center-left,machine
66d6c656018a013f3c049a3cT2,66d6c656018a013f3c049a3c,6712566a9b47f51f3dfec246,ML920,L920,1.0,3.0,5.0,2.0,73,0,-1,1,1,3,-2,Left,center-left,machine
66d6c656018a013f3c049a3cT3,66d6c656018a013f3c049a3c,6712566a9b47f51f3dfec246,R808,MR808,3.0,3.0,5.0,3.0,51,-1,-1,0,3,3,0,Right,center-left,machine
66d6c656018a013f3c049a3cT4,66d6c656018a013f3c049a3c,6712566a9b47f51f3dfec246,MR260,R260,2.0,4.0,4.0,2.0,82,0,1,1,2,4,-2,Right,center-left,machine
66e37f6a5a5359eb88ccd478T1,66e37f6a5a5359eb88ccd478,673ccb79726e869341862390,HR264,R264,2.0,4.0,4.0,2.0,174,0,1,1,2,4,-2,Right,right,human
66e37f6a5a5359eb88ccd478T2,66e37f6a5a5359eb88ccd478,673ccb79726e869341862390,R060,HR060,3.0,3.0,4.0,1.0,48,-1,-1,1,3,3,0,Right,right,human
66e37f6a5a5359eb88ccd478T3,66e37f6a5a5359eb88ccd478,673ccb79726e869341862390,HL057,L057,2.0,4.0,4.0,2.0,60,0,1,1,2,4,-2,Left,right,human
66e37f6a5a5359eb88ccd478T4,66e37f6a5a5359eb88ccd478,673ccb79726e869341862390,L995,HL995,4.0,4.0,4.0,1.0,66,1,1,1,4,4,0,Left,right,human
6717500cc1636e190512f0abT1,6717500cc1636e190512f0ab,671bccbb4934018e3545f77f,ML952,L952,2.0,5.0,4.0,2.0,50,0,1,1,2,5,-3,Left,center-right,machine
6717500cc1636e190512f0abT2,6717500cc1636e190512f0ab,671bccbb4934018e3545f77f,R990,MR990,5.0,2.0,4.0,1.0,38,0,1,1,2,5,-3,Right,center-right,machine
6717500cc1636e190512f0abT3,6717500cc1636e190512f0ab,671bccbb4934018e3545f77f,MR821,R821,1.0,4.0,4.0,2.0,63,0,1,1,1,4,-3,Right,center-right,machine
6717500cc1636e190512f0abT4,6717500cc1636e190512f0ab,671bccbb4934018e3545f77f,L319,ML319,5.0,1.0,1.0,1.0,87,0,1,1,1,5,-4,Left,center-right,machine
671fcf0fcd980b58b009f7dcT1,671fcf0fcd980b58b009f7dc,673d435ab5f796bb4da73ae9,PL576,L576,4.0,4.0,4.0,3.0,86,1,1,0,4,4,0,Left,left,placebo
671fcf0fcd980b58b009f7dcT2,671fcf0fcd980b58b009f7dc,673d435ab5f796bb4da73ae9,L219,PL219,4.0,4.0,4.0,3.0,53,1,1,0,4,4,0,Left,left,placebo
671fcf0fcd980b58b009f7dcT3,671fcf0fcd980b58b009f7dc,673d435ab5f796bb4da73ae9,PR310,R310,4.0,4.0,4.0,3.0,31,1,1,0,4,4,0,Right,left,placebo
671fcf0fcd980b58b009f7dcT4,671fcf0fcd980b58b009f7dc,673d435ab5f796bb4da73ae9,R365,PR365,4.0,4.0,4.0,3.0,17,1,1,0,4,4,0,Right,left,placebo
